date,ccn,hospital,status,file_url,records,error_type,error_message,duration
2026-09-03T03:12:40.165251+00:00,450002,THE HOSPITALS OF PROVIDENCE MEMORIAL CAMPUS,SUCCESS,C:\Users\bombt\Documents\Code\Hospital_Pricing\data\TX\450002.jsonl,2,,,0.18
2026-09-03T03:12:40.165251+00:00,450007,PETERSON REGIONAL MEDICAL CENTER,SUCCESS,C:\Users\bombt\Documents\Code\Hospital_Pricing\data\TX\450007.jsonl,,,,0.01
2026-09-03T03:12:40.165251+00:00,450008,BAYLOR SCOTT & WHITE MCLANE CHILDREN'S MEDICAL CENTER,SUCCESS,C:\Users\bombt\Documents\Code\Hospital_Pricing\data\TX\450008.jsonl,,,,0.05
2026-09-03T03:12:40.165251+00:00,450010,UNITED REGIONAL HEALTH CARE SYSTEM,SUCCESS,C:\Users\bombt\Documents\Code\Hospital_Pricing\data\TX\450010.jsonl,2,,,0.10
2026-09-03T03:12:40.165251+00:00,450011,ST. JOSEPH REGIONAL HEALTH CENTER - BRYAN,SUCCESS,C:\Users\bombt\Documents\Code\Hospital_Pricing\data\TX\450011.jsonl,,,,0.06
2026-09-03T03:12:40.165251+00:00,450015,PARKLAND MEMORIAL HOSPITAL,SUCCESS,C:\Users\bombt\Documents\Code\Hospital_Pricing\data\TX\450015.jsonl,2,,,0.05
2026-09-03T03:12:40.165251+00:00,450021,BAYLOR UNIVERSITY MEDICAL CENTER,SUCCESS,C:\Users\bombt\Documents\Code\Hospital_Pricing\data\TX\450021.jsonl,,,,0.03
2026-09-03T03:12:40.165251+00:00,450023,CITIZENS MEDICAL CENTER,SUCCESS,C:\Users\bombt\Documents\Code\Hospital_Pricing\data\TX\450023.jsonl,,,,0.02
2026-09-03T03:12:40.165251+00:00,450024,UNIVERSITY MEDICAL CENTER OF EL PASO,SUCCESS,C:\Users\bombt\Documents\Code\Hospital_Pricing\data\TX\450024.jsonl,2,,,0.02
2026-09-03T03:12:40.165251+00:00,450029,LAREDO MEDICAL CENTER,SUCCESS,C:\Users\bombt\Documents\Code\Hospital_Pricing\data\TX\450029.jsonl,,,,0.02
2026-09-03T03:12:40.165251+00:00,450032,CHRISTUS GOOD SHEPHERD MEDICAL CENTER - LONGVIEW,SUCCESS,C:\Users\bombt\Documents\Code\Hospital_Pricing\data\TX\450032.jsonl,2,,,0.19
2026-09-03T03:12:40.165251+00:00,450033,VALLEY BAPTIST MEDICAL CENTER - HARLINGEN,SUCCESS,C:\Users\bombt\Documents\Code\Hospital_Pricing\data\TX\450033.jsonl,2,,,0.14
2026-09-03T03:12:40.165251+00:00,450034,CHRISTUS SOUTHEAST TEXAS ST. ELIZABETH,SUCCESS,C:\Users\bombt\Documents\Code\Hospital_Pricing\data\TX\450034.jsonl,2,,,0.12
2026-09-03T03:12:40.165251+00:00,450035,ST. JOSEPH MEDICAL CENTER,SUCCESS,C:\Users\bombt\Documents\Code\Hospital_Pricing\data\TX\450035.jsonl,,,,0.02
2026-09-03T03:12:40.165251+00:00,450039,JOHN PETER SMITH HOSPITAL,SUCCESS,C:\Users\bombt\Documents\Code\Hospital_Pricing\data\TX\450039.jsonl,,,,0.05
2026-09-03T03:12:40.165251+00:00,450040,PROVIDENCE COVENANT MEDICAL CENTER,SUCCESS,C:\Users\bombt\Documents\Code\Hospital_Pricing\data\TX\450040.jsonl,,,,0.03
2026-09-03T03:12:40.165251+00:00,450042,ASCENSION PROVIDENCE HOSPITAL,SUCCESS,C:\Users\bombt\Documents\Code\Hospital_Pricing\data\TX\450042.jsonl,,,,0.05
2026-09-03T03:12:40.165251+00:00,450044,"UT SOUTHWESTERN WILLIAM P. CLEMENTS, JR. UNIVERSITY HOSPITAL",SUCCESS,C:\Users\bombt\Documents\Code\Hospital_Pricing\data\TX\450044.jsonl,,,,0.06
2026-09-03T03:12:40.165251+00:00,450046,CHRISTUS SPOHN HOSPITAL CORPUS CHRISTI SHORELINE,SUCCESS,C:\Users\bombt\Documents\Code\Hospital_Pricing\data\TX\450046.jsonl,2,,,0.09
2026-09-03T03:12:40.165251+00:00,450051,METHODIST DALLAS MEDICAL CENTER,SUCCESS,C:\Users\bombt\Documents\Code\Hospital_Pricing\data\TX\450051.jsonl,,,,0.00
2026-09-03T03:12:40.165251+00:00,450054,BAYLOR SCOTT & WHITE MEDICAL CENTER TEMPLE,SUCCESS,C:\Users\bombt\Documents\Code\Hospital_Pricing\data\TX\450054.jsonl,,,,0.05
2026-09-03T03:12:40.165251+00:00,450055,ROLLING PLAINS MEMORIAL HOSPITAL,SUCCESS,C:\Users\bombt\Documents\Code\Hospital_Pricing\data\TX\450055.jsonl,,,,0.01
2026-09-03T03:12:40.165251+00:00,450056,ASCENSION SETON MEDICAL CENTER AUSTIN,SKIPPED,https://ascensionliving.org/-/media/project/ascension/healthcare/price-transparency-files/tx-csv/741109643-1164526786_ascension-seton_standardcharges,,,No existing archive at C:\Users\bombt\Documents\Code\Hospital_Pricing\data\TX\450056.jsonl,
2026-09-03T03:12:40.165251+00:00,450058,BAPTIST MEDICAL CENTER,SUCCESS,C:\Users\bombt\Documents\Code\Hospital_Pricing\data\TX\450058.jsonl,2,,,0.09
2026-09-03T03:12:40.165251+00:00,450058,NORTH CENTRAL BAPTIST HOSPITAL,SUCCESS,C:\Users\bombt\Documents\Code\Hospital_Pricing\data\TX\450058.jsonl,2,,,0.09
2026-09-03T03:12:40.165251+00:00,450058,NORTHEAST BAPTIST HOSPITAL,SUCCESS,C:\Users\bombt\Documents\Code\Hospital_Pricing\data\TX\450058.jsonl,2,,,0.09
2026-09-03T03:12:40.165251+00:00,450064,TEXAS HEALTH ARLINGTON MEMORIAL HOSPITAL,SUCCESS,C:\Users\bombt\Documents\Code\Hospital_Pricing\data\TX\450064.jsonl,,,,0.02
2026-09-03T03:12:40.165251+00:00,450068,MEMORIAL HERMANN TEXAS MEDICAL CENTER,SUCCESS,C:\Users\bombt\Documents\Code\Hospital_Pricing\data\TX\450068.jsonl,,,,0.04
2026-09-03T03:12:40.165251+00:00,450072,ST LUKE'S HEALTH BRAZOSPORT HOSPITAL,SUCCESS,C:\Users\bombt\Documents\Code\Hospital_Pricing\data\TX\450072.jsonl,,,,0.08
2026-09-03T03:12:40.165251+00:00,450076,UNIVERSITY OF TEXAS M.D. ANDERSON CANCER CENTER,SUCCESS,C:\Users\bombt\Documents\Code\Hospital_Pricing\data\TX\450076.jsonl,1,,,0.04
2026-09-03T03:12:40.165251+00:00,450079,BAYLOR SCOTT & WHITE MEDICAL CENTER IRVING,SUCCESS,C:\Users\bombt\Documents\Code\Hospital_Pricing\data\TX\450079.jsonl,,,,0.03
2026-09-03T03:12:40.165251+00:00,450080,TITUS REGIONAL MEDICAL CENTER,SUCCESS,C:\Users\bombt\Documents\Code\Hospital_Pricing\data\TX\450080.jsonl,,,,0.09
2026-09-03T03:12:40.165251+00:00,450082,CHRISTUS SPOHN HOSPITAL BEEVILLE,SUCCESS,C:\Users\bombt\Documents\Code\Hospital_Pricing\data\TX\450082.jsonl,2,,,0.09
2026-09-03T03:12:40.165251+00:00,450083,UT HEALTH NORTH CAMPUS TYLER,SUCCESS,C:\Users\bombt\Documents\Code\Hospital_Pricing\data\TX\450083.jsonl,2,,,0.02
2026-09-03T03:12:40.165251+00:00,450087,MEDICAL CITY NORTH HILLS,SUCCESS,C:\Users\bombt\Documents\Code\Hospital_Pricing\data\TX\450087.jsonl,2,,,0.17
2026-09-03T03:12:40.165251+00:00,450090,NORTH TEXAS MEDICAL CENTER,SUCCESS,C:\Users\bombt\Documents\Code\Hospital_Pricing\data\TX\450090.jsonl,,,,0.01
2026-09-03T03:12:40.165251+00:00,450092,FORT DUNCAN REGIONAL MEDICAL CENTER,SUCCESS,C:\Users\bombt\Documents\Code\Hospital_Pricing\data\TX\450092.jsonl,,,,0.10
2026-09-03T03:12:40.165251+00:00,450097,HCA HOUSTON HEALTHCARE SOUTHEAST,SUCCESS,C:\Users\bombt\Documents\Code\Hospital_Pricing\data\TX\450097.jsonl,2,,,0.17
2026-09-03T03:12:40.165251+00:00,450101,BAYLOR SCOTT & WHITE MEDICAL CENTER HILLCREST,SUCCESS,C:\Users\bombt\Documents\Code\Hospital_Pricing\data\TX\450101.jsonl,,,,0.07
2026-09-03T03:12:40.165251+00:00,450102,CHRISTUS MOTHER FRANCES HOSPITAL - TYLER,SKIPPED,https://www.christushealth.org/-/media/christus-health/plan-care/files/bill-pay/machine-readable-files/750818167_motherfranceshospitaltyler_standardcharges.ashx,,,No existing archive at C:\Users\bombt\Documents\Code\Hospital_Pricing\data\TX\450102.jsonl,
2026-09-03T03:12:40.165251+00:00,450104,GUADALUPE REGIONAL MEDICAL CENTER,SUCCESS,C:\Users\bombt\Documents\Code\Hospital_Pricing\data\TX\450104.jsonl,,,,0.01
2026-09-03T03:12:40.165251+00:00,450107,LAS PALMAS MEDICAL CENTER,SUCCESS,C:\Users\bombt\Documents\Code\Hospital_Pricing\data\TX\450107.jsonl,2,,,0.09
2026-09-03T03:12:40.165251+00:00,450119,SOUTH TEXAS HEALTH SYSTEM EDINBURG,SUCCESS,C:\Users\bombt\Documents\Code\Hospital_Pricing\data\TX\450119.jsonl,,,,0.02
2026-09-03T03:12:40.165251+00:00,450124,DELL SETON MEDICAL CENTER AT THE UNIVERSITY OF TEXAS,SKIPPED,https://ascensionliving.org/-/media/project/ascension/healthcare/price-transparency-files/tx-csv/741109643-1093810327_ascension-seton_standardcharges,,,No existing archive at C:\Users\bombt\Documents\Code\Hospital_Pricing\data\TX\450124.jsonl,
2026-09-03T03:12:40.165251+00:00,450128,KNAPP MEDICAL CENTER,SUCCESS,C:\Users\bombt\Documents\Code\Hospital_Pricing\data\TX\450128.jsonl,,,,0.05
2026-09-03T03:12:40.165251+00:00,450131,CORPUS CHRISTI MEDICAL CENTER NORTHWEST,SUCCESS,C:\Users\bombt\Documents\Code\Hospital_Pricing\data\TX\450131.jsonl,2,,,0.09
2026-09-03T03:12:40.166255+00:00,450132,MEDICAL CENTER HOSPITAL,SUCCESS,C:\Users\bombt\Documents\Code\Hospital_Pricing\data\TX\450132.jsonl,,,,0.02
2026-09-03T03:12:40.166255+00:00,450133,MIDLAND MEMORIAL HOSPITAL,SUCCESS,C:\Users\bombt\Documents\Code\Hospital_Pricing\data\TX\450133.jsonl,,,,0.02
2026-09-03T03:12:40.166255+00:00,450135,TEXAS HEALTH HARRIS METHODIST HOSPITAL FORT WORTH,SUCCESS,C:\Users\bombt\Documents\Code\Hospital_Pricing\data\TX\450135.jsonl,,,,0.04
2026-09-03T03:12:40.166255+00:00,450137,BAYLOR SCOTT & WHITE ALL SAINTS MEDICAL CENTER FORT WORTH,SUCCESS,C:\Users\bombt\Documents\Code\Hospital_Pricing\data\TX\450137.jsonl,,,,0.03
2026-09-03T03:12:40.166255+00:00,450143,ASCENSION SETON SMITHVILLE REGIONAL HOSPITAL,SKIPPED,https://ascensionliving.org/-/media/project/ascension/healthcare/price-transparency-files/tx-csv/741109643-1154612638_ascension-seton_standardcharges,,,No existing archive at C:\Users\bombt\Documents\Code\Hospital_Pricing\data\TX\450143.jsonl,
2026-09-03T03:12:40.166255+00:00,450144,PERMIAN REGIONAL MEDICAL CENTER,SUCCESS,C:\Users\bombt\Documents\Code\Hospital_Pricing\data\TX\450144.jsonl,,,,0.02
2026-09-03T03:12:40.166255+00:00,450147,DETAR HOSPITAL NAVARRO,SUCCESS,C:\Users\bombt\Documents\Code\Hospital_Pricing\data\TX\450147.jsonl,,,,0.03
2026-09-03T03:12:40.166255+00:00,450148,TEXAS HEALTH CLEBURNE,SUCCESS,C:\Users\bombt\Documents\Code\Hospital_Pricing\data\TX\450148.jsonl,,,,0.02
2026-09-03T03:12:40.166255+00:00,450152,ADVENTHEALTH CENTRAL TEXAS,SUCCESS,C:\Users\bombt\Documents\Code\Hospital_Pricing\data\TX\450152.jsonl,2,,,0.03
2026-09-03T03:12:40.166255+00:00,450154,VAL VERDE REGIONAL MEDICAL CENTER,SKIPPED,https://valverderegional.pg.quadax.revenuemasters.com/cdm-files/742941598_val-verde-regional-medical-center_standardcharges.csv,,,No existing archive at C:\Users\bombt\Documents\Code\Hospital_Pricing\data\TX\450154.jsonl,
2026-09-03T03:12:40.166255+00:00,450155,HEREFORD REGIONAL MEDICAL CENTER,SKIPPED,https://dschd.org/wp-content/uploads/2024/12/75-6001297_Hereford_Regional_Medical_Center_standardcharges.csv,,,No existing archive at C:\Users\bombt\Documents\Code\Hospital_Pricing\data\TX\450155.jsonl,
2026-09-03T03:12:40.166255+00:00,450163,CHRISTUS SPOHN HOSPITAL KLEBERG,SUCCESS,C:\Users\bombt\Documents\Code\Hospital_Pricing\data\TX\450163.jsonl,2,,,0.08
2026-09-03T03:12:40.166255+00:00,450165,METHODIST HOSPITAL ATASCOSA,SUCCESS,C:\Users\bombt\Documents\Code\Hospital_Pricing\data\TX\450165.jsonl,2,,,0.12
2026-09-03T03:12:40.166255+00:00,450176,MISSION REGIONAL MEDICAL CENTER,SUCCESS,C:\Users\bombt\Documents\Code\Hospital_Pricing\data\TX\450176.jsonl,,,,0.02
2026-09-03T03:12:40.166255+00:00,450184,MEMORIAL HERMANN GREATER HEIGHTS HOSPITAL,SUCCESS,C:\Users\bombt\Documents\Code\Hospital_Pricing\data\TX\450184.jsonl,,,,0.04
2026-09-03T03:12:40.166255+00:00,450184,MEMORIAL HERMANN SOUTHWEST HOSPITAL,SUCCESS,C:\Users\bombt\Documents\Code\Hospital_Pricing\data\TX\450184.jsonl,,,,0.02
2026-09-03T03:12:40.166255+00:00,450193,ST. LUKE'S HEALTH - BAYLOR ST. LUKE'S MEDICAL CENTER,SUCCESS,C:\Users\bombt\Documents\Code\Hospital_Pricing\data\TX\450193.jsonl,,,,0.05
2026-09-03T03:12:40.166255+00:00,450194,UT HEALTH JACKSONVILLE,SUCCESS,C:\Users\bombt\Documents\Code\Hospital_Pricing\data\TX\450194.jsonl,,,,0.01
2026-09-03T03:12:40.166255+00:00,450196,PARIS REGIONAL MEDICAL CENTER,SUCCESS,C:\Users\bombt\Documents\Code\Hospital_Pricing\data\TX\450196.jsonl,,,,0.00
2026-09-03T03:12:40.166255+00:00,450203,MEDICAL CITY WEATHERFORD,SUCCESS,C:\Users\bombt\Documents\Code\Hospital_Pricing\data\TX\450203.jsonl,2,,,0.09
2026-09-03T03:12:40.166255+00:00,450209,NORTHWEST TEXAS HOSPITAL,SUCCESS,C:\Users\bombt\Documents\Code\Hospital_Pricing\data\TX\450209.jsonl,,,,0.05
2026-09-03T03:12:40.166255+00:00,450210,UT HEALTH CARTHAGE,SUCCESS,C:\Users\bombt\Documents\Code\Hospital_Pricing\data\TX\450210.jsonl,,,,0.01
2026-09-03T03:12:40.166255+00:00,450211,ST LUKES HEALTH MEMORIAL LUFKIN,SUCCESS,C:\Users\bombt\Documents\Code\Hospital_Pricing\data\TX\450211.jsonl,2,,,0.05
2026-09-03T03:12:40.166255+00:00,450213,UNIVERSITY HOSPITAL,SUCCESS,C:\Users\bombt\Documents\Code\Hospital_Pricing\data\TX\450213.jsonl,2,,,0.03
2026-09-03T03:12:40.166255+00:00,450222,HCA HOUSTON HEALTHCARE CONROE,SUCCESS,C:\Users\bombt\Documents\Code\Hospital_Pricing\data\TX\450222.jsonl,2,,,0.09
2026-09-03T03:12:40.166255+00:00,450229,HENDRICK MEDICAL CENTER,SUCCESS,C:\Users\bombt\Documents\Code\Hospital_Pricing\data\TX\450229.jsonl,2,,,0.02
2026-09-03T03:12:40.166255+00:00,450229,HENDRICK MEDICAL CENTER SOUTH,SUCCESS,C:\Users\bombt\Documents\Code\Hospital_Pricing\data\TX\450229.jsonl,2,,,0.05
2026-09-03T03:12:40.166255+00:00,450231,BSA HOSPITAL,SUCCESS,C:\Users\bombt\Documents\Code\Hospital_Pricing\data\TX\450231.jsonl,,,,0.02
2026-09-03T03:12:40.166255+00:00,450235,MEMORIAL HOSPITAL,SUCCESS,C:\Users\bombt\Documents\Code\Hospital_Pricing\data\TX\450235.jsonl,,,,0.00
2026-09-03T03:12:40.166255+00:00,450236,CHRISTUS MOTHER FRANCES HOSPITAL - SULPHUR SPRINGS,SUCCESS,C:\Users\bombt\Documents\Code\Hospital_Pricing\data\TX\450236.jsonl,2,,,0.13
2026-09-03T03:12:40.166255+00:00,450237,CHRISTUS SANTA ROSA HOSPITAL - WESTOVER HILLS,SUCCESS,C:\Users\bombt\Documents\Code\Hospital_Pricing\data\TX\450237.jsonl,2,,,0.11
2026-09-03T03:12:40.166255+00:00,450253,MIDCOAST MEDICAL CENTER BELLVILLE,SUCCESS,C:\Users\bombt\Documents\Code\Hospital_Pricing\data\TX\450253.jsonl,,,,0.02
2026-09-03T03:12:40.166255+00:00,450271,MEDICAL CITY DECATUR,SUCCESS,C:\Users\bombt\Documents\Code\Hospital_Pricing\data\TX\450271.jsonl,2,,,0.10
2026-09-03T03:12:40.166255+00:00,450272,CHRISTUS SANTA ROSA HOSPITAL SAN MARCOS,SUCCESS,C:\Users\bombt\Documents\Code\Hospital_Pricing\data\TX\450272.jsonl,2,,,0.09
2026-09-03T03:12:40.166255+00:00,450289,BEN TAUB HOSPITAL,SUCCESS,C:\Users\bombt\Documents\Code\Hospital_Pricing\data\TX\450289.jsonl,,,,0.03
2026-09-03T03:12:40.166255+00:00,450289,QUENTIN MEASE HOSPITAL,SUCCESS,C:\Users\bombt\Documents\Code\Hospital_Pricing\data\TX\450289.jsonl,,,,0.03
2026-09-03T03:12:40.166255+00:00,450292,TEXAS HEALTH PRESBYTERIAN HOSPITAL KAUFMAN,SUCCESS,C:\Users\bombt\Documents\Code\Hospital_Pricing\data\TX\450292.jsonl,,,,0.02
2026-09-03T03:12:40.166255+00:00,450324,TEXOMA MEDICAL CENTER,SUCCESS,C:\Users\bombt\Documents\Code\Hospital_Pricing\data\TX\450324.jsonl,,,,0.02
2026-09-03T03:12:40.166255+00:00,450330,OAKBEND MEDICAL CENTER,SUCCESS,C:\Users\bombt\Documents\Code\Hospital_Pricing\data\TX\450330.jsonl,,,,0.01
2026-09-03T03:12:40.166255+00:00,450340,SHANNON SOUTH,SKIPPED,https://sthpiprd.blob.core.windows.net/machine-readable-files/11019/752559845_shannon-medical-center_standardcharges.csv,,,No existing archive at C:\Users\bombt\Documents\Code\Hospital_Pricing\data\TX\450340.jsonl,
2026-09-03T03:12:40.166255+00:00,450346,BAPTIST HOSPITALS OF SOUTHEAST TEXAS,SUCCESS,C:\Users\bombt\Documents\Code\Hospital_Pricing\data\TX\450346.jsonl,,,,0.02
2026-09-03T03:12:40.166255+00:00,450347,HUNTSVILLE MEMORIAL HOSPITAL,SUCCESS,C:\Users\bombt\Documents\Code\Hospital_Pricing\data\TX\450347.jsonl,,,,0.02
2026-09-03T03:12:40.166255+00:00,450351,TEXAS HEALTH STEPHENVILLE,SUCCESS,C:\Users\bombt\Documents\Code\Hospital_Pricing\data\TX\450351.jsonl,,,,0.03
2026-09-03T03:12:40.166255+00:00,450352,HUNT REGIONAL MEDICAL CENTER GREENVILLE,SUCCESS,C:\Users\bombt\Documents\Code\Hospital_Pricing\data\TX\450352.jsonl,,,,0.01
2026-09-03T03:12:40.166255+00:00,450358,HOUSTON METHODIST HOSPITAL,SKIPPED,https://www.houstonmethodist.org/-/media/files/patient-resources/74110155_the-methodist-hospital_standardcharges.ashx,,,No existing archive at C:\Users\bombt\Documents\Code\Hospital_Pricing\data\TX\450358.jsonl,
2026-09-03T03:12:40.166255+00:00,450369,CHILDRESS REGIONAL MEDICAL CENTER,SUCCESS,C:\Users\bombt\Documents\Code\Hospital_Pricing\data\TX\450369.jsonl,,,,0.02
2026-09-03T03:12:40.166255+00:00,450370,COLUMBUS COMMUNITY HOSPITAL,SUCCESS,C:\Users\bombt\Documents\Code\Hospital_Pricing\data\TX\450370.jsonl,,,,0.02
2026-09-03T03:12:40.166255+00:00,450372,BAYLOR SCOTT & WHITE MEDICAL CENTER AT WAXAHACHIE,SUCCESS,C:\Users\bombt\Documents\Code\Hospital_Pricing\data\TX\450372.jsonl,,,,0.03
2026-09-03T03:12:40.166255+00:00,450379,DALLAS MEDICAL CENTER,SUCCESS,C:\Users\bombt\Documents\Code\Hospital_Pricing\data\TX\450379.jsonl,,,,0.02
2026-09-03T03:12:40.166255+00:00,450388,METHODIST HOSPITAL,SUCCESS,C:\Users\bombt\Documents\Code\Hospital_Pricing\data\TX\450388.jsonl,2,,,0.10
2026-09-03T03:12:40.166255+00:00,450388,METHODIST HOSPITAL LANDMARK,SUCCESS,C:\Users\bombt\Documents\Code\Hospital_Pricing\data\TX\450388.jsonl,2,,,0.11
2026-09-03T03:12:40.166255+00:00,450388,METHODIST SPECIALTY & TRANSPLANT HOSPITAL,SUCCESS,C:\Users\bombt\Documents\Code\Hospital_Pricing\data\TX\450388.jsonl,2,,,0.12
2026-09-03T03:12:40.166255+00:00,450389,UT HEALTH ATHENS,SUCCESS,C:\Users\bombt\Documents\Code\Hospital_Pricing\data\TX\450389.jsonl,,,,0.01
2026-09-03T03:12:40.166255+00:00,450395,ST LUKE'S HEALTH - MEMORIAL LIVINGSTON,SUCCESS,C:\Users\bombt\Documents\Code\Hospital_Pricing\data\TX\450395.jsonl,2,,,0.05
2026-09-03T03:12:40.166255+00:00,450399,BROWNFIELD REGIONAL MEDICAL CENTER,SUCCESS,C:\Users\bombt\Documents\Code\Hospital_Pricing\data\TX\450399.jsonl,,,,0.01
2026-09-03T03:12:40.166255+00:00,450400,PARKVIEW REGIONAL HOSPITAL,SUCCESS,C:\Users\bombt\Documents\Code\Hospital_Pricing\data\TX\450400.jsonl,,,,0.01
2026-09-03T03:12:40.166255+00:00,450403,MEDICAL CITY MCKINNEY,SUCCESS,C:\Users\bombt\Documents\Code\Hospital_Pricing\data\TX\450403.jsonl,2,,,0.12
2026-09-03T03:12:40.166255+00:00,450411,EASTLAND MEMORIAL HOSPITAL,SUCCESS,C:\Users\bombt\Documents\Code\Hospital_Pricing\data\TX\450411.jsonl,,,,0.01
2026-09-03T03:12:40.166255+00:00,450419,TEXAS HEALTH AZLE,SUCCESS,C:\Users\bombt\Documents\Code\Hospital_Pricing\data\TX\450419.jsonl,,,,0.01
2026-09-03T03:12:40.166255+00:00,450422,BAYLOR SCOTT & WHITE MEDICAL CENTER UPTOWN,SUCCESS,C:\Users\bombt\Documents\Code\Hospital_Pricing\data\TX\450422.jsonl,,,,0.04
2026-09-03T03:12:40.166255+00:00,450424,HOUSTON METHODIST BAYTOWN HOSPITAL,SKIPPED,https://www.houstonmethodist.org/-/media/files/patient-resources/741287015_houston-methodist-baytown-hospital_standardcharges.ashx,,,No existing archive at C:\Users\bombt\Documents\Code\Hospital_Pricing\data\TX\450424.jsonl,
2026-09-03T03:12:40.166255+00:00,450447,NAVARRO REGIONAL HOSPITAL,SUCCESS,C:\Users\bombt\Documents\Code\Hospital_Pricing\data\TX\450447.jsonl,,,,0.01
2026-09-03T03:12:40.166255+00:00,450451,GLEN ROSE MEDICAL CENTER,SUCCESS,C:\Users\bombt\Documents\Code\Hospital_Pricing\data\TX\450451.jsonl,,,,0.01
2026-09-03T03:12:40.166255+00:00,450460,TYLER COUNTY HOSPITAL,SUCCESS,C:\Users\bombt\Documents\Code\Hospital_Pricing\data\TX\450460.jsonl,,,,0.01
2026-09-03T03:12:40.166255+00:00,450462,TEXAS HEALTH DALLAS,SUCCESS,C:\Users\bombt\Documents\Code\Hospital_Pricing\data\TX\450462.jsonl,,,,0.02
2026-09-03T03:12:40.166255+00:00,450465,MATAGORDA REGIONAL MEDICAL CENTER,SUCCESS,C:\Users\bombt\Documents\Code\Hospital_Pricing\data\TX\450465.jsonl,,,,0.03
2026-09-03T03:12:40.166255+00:00,450469,AHS SHERMAN MEDICAL CENTER,SUCCESS,C:\Users\bombt\Documents\Code\Hospital_Pricing\data\TX\450469.jsonl,,,,0.01
2026-09-03T03:12:40.166255+00:00,450475,UT HEALTH HENDERSON,SUCCESS,C:\Users\bombt\Documents\Code\Hospital_Pricing\data\TX\450475.jsonl,,,,0.01
2026-09-03T03:12:40.166255+00:00,450484,WOODLAND HEIGHTS MEDICAL CENTER,SUCCESS,C:\Users\bombt\Documents\Code\Hospital_Pricing\data\TX\450484.jsonl,,,,0.01
2026-09-03T03:12:40.166255+00:00,450489,MEDICAL ARTS HOSPITAL,SUCCESS,C:\Users\bombt\Documents\Code\Hospital_Pricing\data\TX\450489.jsonl,,,,0.01
2026-09-03T03:12:40.166255+00:00,450498,STEPHENS MEMORIAL HOSPITAL,SKIPPED,https://smhtx.slicedhealth.io/home,,,No existing archive at C:\Users\bombt\Documents\Code\Hospital_Pricing\data\TX\450498.jsonl,
2026-09-03T03:12:40.166255+00:00,450508,NACOGDOCHES MEMORIAL HOSPITAL,SUCCESS,C:\Users\bombt\Documents\Code\Hospital_Pricing\data\TX\450508.jsonl,,,,0.05
2026-09-03T03:12:40.166255+00:00,450518,THE MEDICAL CENTER OF SOUTHEAST TEXAS,SUCCESS,C:\Users\bombt\Documents\Code\Hospital_Pricing\data\TX\450518.jsonl,,,,0.01
2026-09-03T03:12:40.166255+00:00,450539,COVENANT HOSPITAL PLAINVIEW,SUCCESS,C:\Users\bombt\Documents\Code\Hospital_Pricing\data\TX\450539.jsonl,,,,0.01
2026-09-03T03:12:40.166255+00:00,450563,BAYLOR SCOTT & WHITE MEDICAL CENTER AT GRAPEVINE,SUCCESS,C:\Users\bombt\Documents\Code\Hospital_Pricing\data\TX\450563.jsonl,,,,0.02
2026-09-03T03:12:40.166255+00:00,450565,PALO PINTO GENERAL HOSPITAL,SKIPPED,https://res.cloudinary.com/dpmykpsih/raw/upload/palo-pinto-site-485/media/r/d3fc060cb2f64c71951299f01740c147/751256948_palo-pinto-general-hospital_standardcharges.csv,,,No existing archive at C:\Users\bombt\Documents\Code\Hospital_Pricing\data\TX\450565.jsonl,
2026-09-03T03:12:40.166255+00:00,450571,SHANNON MEDICAL CENTER,SKIPPED,https://sthpiprd.blob.core.windows.net/machine-readable-files/11019/752559845_shannon-medical-center_standardcharges.csv,,,No existing archive at C:\Users\bombt\Documents\Code\Hospital_Pricing\data\TX\450571.jsonl,
2026-09-03T03:12:40.166255+00:00,450584,WILBARGER GENERAL HOSPITAL,SUCCESS,C:\Users\bombt\Documents\Code\Hospital_Pricing\data\TX\450584.jsonl,,,,0.01
2026-09-03T03:12:40.167322+00:00,450587,HENDRICK MEDICAL CENTER BROWNWOOD,SUCCESS,C:\Users\bombt\Documents\Code\Hospital_Pricing\data\TX\450587.jsonl,2,,,0.02
2026-09-03T03:12:40.167322+00:00,450596,LAKE GRANBURY MEDICAL CENTER,SUCCESS,C:\Users\bombt\Documents\Code\Hospital_Pricing\data\TX\450596.jsonl,,,,0.01
2026-09-03T03:12:40.167322+00:00,450597,CUERO REGIONAL HOSPITAL,SKIPPED,https://cueroregionalhospital.pg.quadax.revenuemasters.com/cdm-files/746075588_cuero-regional-hospital_standardcharges.csv,,,No existing archive at C:\Users\bombt\Documents\Code\Hospital_Pricing\data\TX\450597.jsonl,
2026-09-03T03:12:40.167322+00:00,450604,METHODIST HOSPITAL HILL COUNTRY,SUCCESS,C:\Users\bombt\Documents\Code\Hospital_Pricing\data\TX\450604.jsonl,2,,,0.07
2026-09-03T03:12:40.167322+00:00,450610,MEMORIAL HERMANN MEMORIAL CITY MEDICAL CENTER,SUCCESS,C:\Users\bombt\Documents\Code\Hospital_Pricing\data\TX\450610.jsonl,,,,0.01
2026-09-03T03:12:40.167322+00:00,450617,HCA HOUSTON HEALTHCARE CLEAR LAKE,SUCCESS,C:\Users\bombt\Documents\Code\Hospital_Pricing\data\TX\450617.jsonl,2,,,0.08
2026-09-03T03:12:40.167322+00:00,450634,MEDICAL CITY DENTON,SUCCESS,C:\Users\bombt\Documents\Code\Hospital_Pricing\data\TX\450634.jsonl,2,,,0.06
2026-09-03T03:12:40.167322+00:00,450638,HCA HOUSTON HEALTHCARE NORTHWEST MEDICAL CENTER,SUCCESS,C:\Users\bombt\Documents\Code\Hospital_Pricing\data\TX\450638.jsonl,2,,,0.07
2026-09-03T03:12:40.167322+00:00,450639,TEXAS HEALTH HEB,SUCCESS,C:\Users\bombt\Documents\Code\Hospital_Pricing\data\TX\450639.jsonl,,,,0.01
2026-09-03T03:12:40.167322+00:00,450641,NOCONA GENERAL HOSPITAL,SUCCESS,C:\Users\bombt\Documents\Code\Hospital_Pricing\data\TX\450641.jsonl,,,,0.01
2026-09-03T03:12:40.167322+00:00,450643,DOCTORS HOSPITAL OF LAREDO,SUCCESS,C:\Users\bombt\Documents\Code\Hospital_Pricing\data\TX\450643.jsonl,,,,0.01
2026-09-03T03:12:40.167322+00:00,450644,HCA HOUSTON HEALTHCARE WEST,SUCCESS,C:\Users\bombt\Documents\Code\Hospital_Pricing\data\TX\450644.jsonl,2,,,0.06
2026-09-03T03:12:40.167322+00:00,450647,MEDICAL CITY DALLAS HOSPITAL,SUCCESS,C:\Users\bombt\Documents\Code\Hospital_Pricing\data\TX\450647.jsonl,2,,,0.07
2026-09-03T03:12:40.167322+00:00,450651,MEDICAL CITY PLANO,SUCCESS,C:\Users\bombt\Documents\Code\Hospital_Pricing\data\TX\450651.jsonl,2,,,0.06
2026-09-03T03:12:40.167322+00:00,450653,SCENIC MOUNTAIN MEDICAL CENTER,SUCCESS,C:\Users\bombt\Documents\Code\Hospital_Pricing\data\TX\450653.jsonl,,,,0.01
2026-09-03T03:12:40.167322+00:00,450654,STARR COUNTY MEMORIAL HOSPITAL,SUCCESS,C:\Users\bombt\Documents\Code\Hospital_Pricing\data\TX\450654.jsonl,,,,0.01
2026-09-03T03:12:40.167322+00:00,450658,FREESTONE MEDICAL CENTER,SUCCESS,C:\Users\bombt\Documents\Code\Hospital_Pricing\data\TX\450658.jsonl,,,,0.00
2026-09-03T03:12:40.167322+00:00,450659,HCA HOUSTON HEALTHCARE MEDICAL CENTER,SUCCESS,C:\Users\bombt\Documents\Code\Hospital_Pricing\data\TX\450659.jsonl,2,,,0.07
2026-09-03T03:12:40.167322+00:00,450661,ODESSA REGIONAL MEDICAL CENTER,SUCCESS,C:\Users\bombt\Documents\Code\Hospital_Pricing\data\TX\450661.jsonl,,,,0.01
2026-09-03T03:12:40.167322+00:00,450662,VALLEY REGIONAL MEDICAL CENTER,SUCCESS,C:\Users\bombt\Documents\Code\Hospital_Pricing\data\TX\450662.jsonl,2,,,0.06
2026-09-03T03:12:40.167322+00:00,450668,THE HOSPITALS OF PROVIDENCE SIERRA CAMPUS,SUCCESS,C:\Users\bombt\Documents\Code\Hospital_Pricing\data\TX\450668.jsonl,2,,,0.08
2026-09-03T03:12:40.167322+00:00,450669,MEDICAL CITY LEWISVILLE,SUCCESS,C:\Users\bombt\Documents\Code\Hospital_Pricing\data\TX\450669.jsonl,2,,,0.08
2026-09-03T03:12:40.167322+00:00,450670,HCA HOUSTON HEALTHCARE TOMBALL,SUCCESS,C:\Users\bombt\Documents\Code\Hospital_Pricing\data\TX\450670.jsonl,2,,,0.06
2026-09-03T03:12:40.167322+00:00,450672,MEDICAL CITY FORT WORTH,SUCCESS,C:\Users\bombt\Documents\Code\Hospital_Pricing\data\TX\450672.jsonl,2,,,0.07
2026-09-03T03:12:40.167322+00:00,450674,THE WOMAN'S HOSPITAL OF TEXAS,SUCCESS,C:\Users\bombt\Documents\Code\Hospital_Pricing\data\TX\450674.jsonl,2,,,0.06
2026-09-03T03:12:40.167322+00:00,450675,MEDICAL CITY ARLINGTON,SUCCESS,C:\Users\bombt\Documents\Code\Hospital_Pricing\data\TX\450675.jsonl,2,,,0.07
2026-09-03T03:12:40.167322+00:00,450677,TEXAS HEALTH HUGULEY HOSPITAL,SUCCESS,C:\Users\bombt\Documents\Code\Hospital_Pricing\data\TX\450677.jsonl,2,,,0.02
2026-09-03T03:12:40.167322+00:00,450678,WHITE ROCK MEDICAL CENTER,SUCCESS,C:\Users\bombt\Documents\Code\Hospital_Pricing\data\TX\450678.jsonl,,,,0.01
2026-09-03T03:12:40.167322+00:00,450684,MEMORIAL HERMANN NORTHEAST HOSPITAL,SUCCESS,C:\Users\bombt\Documents\Code\Hospital_Pricing\data\TX\450684.jsonl,,,,0.01
2026-09-03T03:12:40.167322+00:00,450686,UNIVERSITY MEDICAL CENTER,SUCCESS,C:\Users\bombt\Documents\Code\Hospital_Pricing\data\TX\450686.jsonl,2,,,0.01
2026-09-03T03:12:40.167322+00:00,450688,DALLAS REGIONAL MEDICAL CENTER,SUCCESS,C:\Users\bombt\Documents\Code\Hospital_Pricing\data\TX\450688.jsonl,,,,0.02
2026-09-03T03:12:40.167322+00:00,450694,EL CAMPO MEMORIAL HOSPITAL,SUCCESS,C:\Users\bombt\Documents\Code\Hospital_Pricing\data\TX\450694.jsonl,,,,0.01
2026-09-03T03:12:40.167322+00:00,450702,LONGVIEW REGIONAL MEDICAL CENTER,SUCCESS,C:\Users\bombt\Documents\Code\Hospital_Pricing\data\TX\450702.jsonl,,,,0.01
2026-09-03T03:12:40.167322+00:00,450709,HOUSTON METHODIST CLEAR LAKE HOSPITAL,SKIPPED,https://www.houstonmethodist.org/-/media/files/patient-resources/464389870_houston-methodist-clear-lake-hospital_standardcharges.ashx,,,No existing archive at C:\Users\bombt\Documents\Code\Hospital_Pricing\data\TX\450709.jsonl,
2026-09-03T03:12:40.167322+00:00,450711,RIO GRANDE REGIONAL HOSPITAL,SUCCESS,C:\Users\bombt\Documents\Code\Hospital_Pricing\data\TX\450711.jsonl,2,,,0.05
2026-09-03T03:12:40.167322+00:00,450713,ST. DAVID'S SOUTH AUSTIN MEDICAL CENTER,SUCCESS,C:\Users\bombt\Documents\Code\Hospital_Pricing\data\TX\450713.jsonl,2,,,0.06
2026-09-03T03:12:40.167322+00:00,450723,METHODIST CHARLTON MEDICAL CENTER,SUCCESS,C:\Users\bombt\Documents\Code\Hospital_Pricing\data\TX\450723.jsonl,,,,0.00
2026-09-03T03:12:40.167322+00:00,450725,METHODIST CHILDRENS HOSPITAL,SUCCESS,C:\Users\bombt\Documents\Code\Hospital_Pricing\data\TX\450725.jsonl,2,,,0.06
2026-09-03T03:12:40.167322+00:00,450730,CARROLLTON REGIONAL MEDICAL CENTER,SKIPPED,https://carrolltonregionalmedicalcenter.pg.revenuemasters.com/cdm-files/843683956_carrollton-regional-medical-center_standardcharges.csv,,,No existing archive at C:\Users\bombt\Documents\Code\Hospital_Pricing\data\TX\450730.jsonl,
2026-09-03T03:12:40.167322+00:00,450732,MEMORIAL HERMANN THE WOODLANDS HOSPITAL,SUCCESS,C:\Users\bombt\Documents\Code\Hospital_Pricing\data\TX\450732.jsonl,,,,0.01
2026-09-03T03:12:40.167322+00:00,450742,BAYLOR SCOTT & WHITE MEDICAL CENTER LAKE POINTE,SUCCESS,C:\Users\bombt\Documents\Code\Hospital_Pricing\data\TX\450742.jsonl,,,,0.02
2026-09-03T03:12:40.167322+00:00,450743,TEXAS HEALTH DENTON,SUCCESS,C:\Users\bombt\Documents\Code\Hospital_Pricing\data\TX\450743.jsonl,,,,0.01
2026-09-03T03:12:40.167322+00:00,450747,PALESTINE REGIONAL MEDICAL CENTER,SUCCESS,C:\Users\bombt\Documents\Code\Hospital_Pricing\data\TX\450747.jsonl,,,,0.01
2026-09-03T03:12:40.167322+00:00,450755,COVENANT HOSPITAL LEVELLAND,SUCCESS,C:\Users\bombt\Documents\Code\Hospital_Pricing\data\TX\450755.jsonl,,,,0.01
2026-09-03T03:12:40.167322+00:00,450771,TEXAS HEALTH PRESBYTERIAN HOSPITAL PLANO,SUCCESS,C:\Users\bombt\Documents\Code\Hospital_Pricing\data\TX\450771.jsonl,,,,0.02
2026-09-03T03:12:40.167322+00:00,450774,TOPS SURGICAL SPECIALTY HOSPITAL,SUCCESS,C:\Users\bombt\Documents\Code\Hospital_Pricing\data\TX\450774.jsonl,2,,,0.06
2026-09-03T03:12:40.167322+00:00,450775,HCA HOUSTON HEALTHCARE KINGWOOD,SUCCESS,C:\Users\bombt\Documents\Code\Hospital_Pricing\data\TX\450775.jsonl,2,,,0.05
2026-09-03T03:12:40.167322+00:00,450788,CORPUS CHRISTI MEDICAL CENTER BAYVIEW,SUCCESS,C:\Users\bombt\Documents\Code\Hospital_Pricing\data\TX\450788.jsonl,2,,,0.05
2026-09-03T03:12:40.167322+00:00,450788,CORPUS CHRISTI MEDICAL CENTER DOCTORS REGIONAL,SUCCESS,C:\Users\bombt\Documents\Code\Hospital_Pricing\data\TX\450788.jsonl,2,,,0.06
2026-09-03T03:12:40.167322+00:00,450796,NORTHWEST SURGICAL HOSPITAL,SUCCESS,C:\Users\bombt\Documents\Code\Hospital_Pricing\data\TX\450796.jsonl,,,,0.01
2026-09-03T03:12:40.167322+00:00,450801,CHRISTUS ST. MICHAEL HOSPITAL TEXARKANA,SUCCESS,C:\Users\bombt\Documents\Code\Hospital_Pricing\data\TX\450801.jsonl,2,,,0.06
2026-09-03T03:12:40.167322+00:00,450801,CHRISTUS ST. MICHAEL REHABILITATION HOSPITAL,SUCCESS,C:\Users\bombt\Documents\Code\Hospital_Pricing\data\TX\450801.jsonl,2,,,0.05
2026-09-03T03:12:40.167322+00:00,450804,TEXAS ORTHOPEDIC HOSPITAL,SUCCESS,C:\Users\bombt\Documents\Code\Hospital_Pricing\data\TX\450804.jsonl,2,,,0.05
2026-09-03T03:12:40.167322+00:00,450809,ST. DAVID'S NORTH AUSTIN MEDICAL CENTER,SUCCESS,C:\Users\bombt\Documents\Code\Hospital_Pricing\data\TX\450809.jsonl,2,,,0.06
2026-09-03T03:12:40.167322+00:00,450811,SOUTH TEXAS HEALTH SYSTEM MCALLEN,SUCCESS,C:\Users\bombt\Documents\Code\Hospital_Pricing\data\TX\450811.jsonl,,,,0.01
2026-09-03T03:12:40.167322+00:00,450820,HOUSTON METHODIST SUGAR LAND HOSPITAL,SKIPPED,https://www.houstonmethodist.org/-/media/files/patient-resources/760545192_methodist-sugar-land-hospital_standardcharges.ashx,,,No existing archive at C:\Users\bombt\Documents\Code\Hospital_Pricing\data\TX\450820.jsonl,
2026-09-03T03:12:40.167322+00:00,450822,MEDICAL CITY LAS COLINAS,SUCCESS,C:\Users\bombt\Documents\Code\Hospital_Pricing\data\TX\450822.jsonl,2,,,0.06
2026-09-03T03:12:40.167322+00:00,450825,CORNERSTONE REGIONAL HOSPITAL,SUCCESS,C:\Users\bombt\Documents\Code\Hospital_Pricing\data\TX\450825.jsonl,,,,0.00
2026-09-03T03:12:40.167322+00:00,450828,CHRISTUS SPOHN HOSPITAL ALICE,SUCCESS,C:\Users\bombt\Documents\Code\Hospital_Pricing\data\TX\450828.jsonl,2,,,0.05
2026-09-03T03:12:40.167322+00:00,450831,SURGERY SPECIALTY HOSPITALS OF AMERICA SOUTHEAST HOUSTON,SUCCESS,C:\Users\bombt\Documents\Code\Hospital_Pricing\data\TX\450831.jsonl,,,,0.00
2026-09-03T03:12:40.167322+00:00,450833,ENNIS REGIONAL MEDICAL CENTER,SUCCESS,C:\Users\bombt\Documents\Code\Hospital_Pricing\data\TX\450833.jsonl,,,,0.00
2026-09-03T03:12:40.167322+00:00,450834,THE PHYSICIANS CENTRE HOSPITAL,SUCCESS,C:\Users\bombt\Documents\Code\Hospital_Pricing\data\TX\450834.jsonl,,,,0.00
2026-09-03T03:12:40.167322+00:00,450844,HOUSTON METHODIST WILLOWBROOK HOSPITAL,SKIPPED,https://www.houstonmethodist.org/-/media/files/patient-resources/760545192_methodist-willowbrook-hospital_standardcharges.ashx,,,No existing archive at C:\Users\bombt\Documents\Code\Hospital_Pricing\data\TX\450844.jsonl,
2026-09-03T03:12:40.167322+00:00,450847,MEMORIAL HERMANN KATY HOSPITAL,SUCCESS,C:\Users\bombt\Documents\Code\Hospital_Pricing\data\TX\450847.jsonl,,,,0.01
2026-09-03T03:12:40.167322+00:00,450848,MEMORIAL HERMANN SUGAR LAND,SUCCESS,C:\Users\bombt\Documents\Code\Hospital_Pricing\data\TX\450848.jsonl,,,,0.01
2026-09-03T03:12:40.167322+00:00,450853,BAYLOR SCOTT & WHITE MEDICAL CENTER FRISCO,SUCCESS,C:\Users\bombt\Documents\Code\Hospital_Pricing\data\TX\450853.jsonl,,,,0.02
2026-09-03T03:12:40.167322+00:00,450855,HARLINGEN MEDICAL CENTER,SUCCESS,C:\Users\bombt\Documents\Code\Hospital_Pricing\data\TX\450855.jsonl,,,,0.01
2026-09-03T03:12:40.167322+00:00,450856,SOUTH TEXAS SPINE AND SURGICAL HOSPITAL,SUCCESS,C:\Users\bombt\Documents\Code\Hospital_Pricing\data\TX\450856.jsonl,,,,0.00
2026-09-03T03:12:40.167322+00:00,450860,MEMORIAL HERMANN SURGICAL HOSPITAL FIRST COLONY,SUCCESS,C:\Users\bombt\Documents\Code\Hospital_Pricing\data\TX\450860.jsonl,2,,,0.07
2026-09-03T03:12:40.167322+00:00,450862,ST. LUKE'S THE WOODLANDS HOSPITAL,SUCCESS,C:\Users\bombt\Documents\Code\Hospital_Pricing\data\TX\450862.jsonl,,,,0.03
2026-09-03T03:12:40.167322+00:00,450864,BAYLOR SCOTT AND WHITE TEXAS SPINE AND JOINT HOSPITAL,SUCCESS,C:\Users\bombt\Documents\Code\Hospital_Pricing\data\TX\450864.jsonl,,,,0.03
2026-09-03T03:12:40.167322+00:00,450865,ASCENSION SETON SOUTHWEST HOSPITAL,SKIPPED,https://ascensionliving.org/-/media/project/ascension/healthcare/price-transparency-files/tx-csv/741109643-1750499273_ascension-seton_standardcharges,,,No existing archive at C:\Users\bombt\Documents\Code\Hospital_Pricing\data\TX\450865.jsonl,
2026-09-03T03:12:40.167322+00:00,450867,ASCENSION SETON NORTHWEST HOSPITAL,SKIPPED,https://ascensionliving.org/-/media/project/ascension/healthcare/price-transparency-files/tx-csv/741109643-1124137054_ascension-seton_standardcharges,,,No existing archive at C:\Users\bombt\Documents\Code\Hospital_Pricing\data\TX\450867.jsonl,
2026-09-03T03:12:40.167322+00:00,450869,DOCTOR'S HOSPITAL AT RENAISSANCE,SKIPPED,https://url.usb.m.mimecastprotect.com/s/z4vXCg7WkjFAQX79f7SVDF?domain=rca.centaurihs.com,,,No existing archive at C:\Users\bombt\Documents\Code\Hospital_Pricing\data\TX\450869.jsonl,
2026-09-03T03:12:40.167322+00:00,450872,USMD HOSPITAL AT ARLINGTON,SUCCESS,C:\Users\bombt\Documents\Code\Hospital_Pricing\data\TX\450872.jsonl,,,,0.01
2026-09-03T03:12:40.167322+00:00,450874,BAYLOR SURGICAL HOSPITAL AT LAS COLINAS,SUCCESS,C:\Users\bombt\Documents\Code\Hospital_Pricing\data\TX\450874.jsonl,2,,,0.08
2026-09-03T03:12:40.167322+00:00,450875,QUAIL CREEK SURGICAL HOSPITAL,SUCCESS,C:\Users\bombt\Documents\Code\Hospital_Pricing\data\TX\450875.jsonl,,,,0.00
2026-09-03T03:12:40.167322+00:00,450876,LUBBOCK HEART HOSPITAL,SUCCESS,C:\Users\bombt\Documents\Code\Hospital_Pricing\data\TX\450876.jsonl,,,,0.01
2026-09-03T03:12:40.167322+00:00,450880,BAYLOR SCOTT & WHITE SURGICAL HOSPITAL FORT WORTH,SUCCESS,C:\Users\bombt\Documents\Code\Hospital_Pricing\data\TX\450880.jsonl,2,,,0.06
2026-09-03T03:12:40.167322+00:00,450883,BAYLOR SCOTT & WHITE MEDICAL CENTER TROPHY CLUB,SUCCESS,C:\Users\bombt\Documents\Code\Hospital_Pricing\data\TX\450883.jsonl,2,,,0.06
2026-09-03T03:12:40.167322+00:00,450885,BAYLOR SCOTT & WHITE MEDICAL CENTER CENTENNIAL,SUCCESS,C:\Users\bombt\Documents\Code\Hospital_Pricing\data\TX\450885.jsonl,,,,0.00
2026-09-03T03:12:40.167322+00:00,450888,TEXAS HEALTH HARRIS METHODIST SOUTHLAKE,SUCCESS,C:\Users\bombt\Documents\Code\Hospital_Pricing\data\TX\450888.jsonl,,,,0.01
2026-09-03T03:12:40.167322+00:00,450889,TEXAS INSTITUTE FOR SURGERY AT TEXAS HEALTH PRESBYTERIAN DALLAS,SUCCESS,C:\Users\bombt\Documents\Code\Hospital_Pricing\data\TX\450889.jsonl,,,,0.00
2026-09-03T03:12:40.167322+00:00,450890,BAYLOR SCOTT & WHITE MEDICAL CENTER PLANO,SUCCESS,C:\Users\bombt\Documents\Code\Hospital_Pricing\data\TX\450890.jsonl,,,,0.02
2026-09-03T03:12:40.167322+00:00,450891,TEXAS HEALTH CENTER FOR DIAGNOSTICS & SURGERY PLANO,SUCCESS,C:\Users\bombt\Documents\Code\Hospital_Pricing\data\TX\450891.jsonl,,,,0.01
2026-09-03T03:12:40.167322+00:00,450893,BAYLOR SCOTT & WHITE THE HEART HOSPITAL DENTON,SUCCESS,C:\Users\bombt\Documents\Code\Hospital_Pricing\data\TX\450893.jsonl,,,,0.02
2026-09-03T03:12:40.167322+00:00,451300,PARMER MEDICAL CENTER,SUCCESS,C:\Users\bombt\Documents\Code\Hospital_Pricing\data\TX\451300.jsonl,,,,0.00
2026-09-03T03:12:40.167322+00:00,451303,LIMESTONE MEDICAL CENTER,SUCCESS,C:\Users\bombt\Documents\Code\Hospital_Pricing\data\TX\451303.jsonl,,,,0.01
2026-09-03T03:12:40.167322+00:00,451304,SCHLEICHER COUNTY MEDICAL CENTER,SUCCESS,C:\Users\bombt\Documents\Code\Hospital_Pricing\data\TX\451304.jsonl,,,,0.00
2026-09-03T03:12:40.167322+00:00,451305,CHI ST JOSEPH HEALTH BURLESON HOSPITAL,SUCCESS,C:\Users\bombt\Documents\Code\Hospital_Pricing\data\TX\451305.jsonl,,,,0.03
2026-09-03T03:12:40.167322+00:00,451306,KIMBLE HOSPITAL,SUCCESS,C:\Users\bombt\Documents\Code\Hospital_Pricing\data\TX\451306.jsonl,,,,0.00
2026-09-03T03:12:40.167322+00:00,451307,IRAAN GENERAL HOSPITAL,SUCCESS,C:\Users\bombt\Documents\Code\Hospital_Pricing\data\TX\451307.jsonl,,,,0.00
2026-09-03T03:12:40.167322+00:00,451308,YOAKUM COUNTY HOSPITAL,SUCCESS,C:\Users\bombt\Documents\Code\Hospital_Pricing\data\TX\451308.jsonl,,,,0.01
2026-09-03T03:12:40.167322+00:00,451309,MCCAMEY HOSPITAL,SKIPPED,https://mccameyhospital.org/wp-content/uploads/2025/04/MRF-Price-Transparency.xlsx,,,No existing archive at C:\Users\bombt\Documents\Code\Hospital_Pricing\data\TX\451309.jsonl,
2026-09-03T03:12:40.167322+00:00,451310,BALLINGER MEMORIAL HOSPITAL,SKIPPED,https://files.bmhd.org/compliance/75-2312009_BALLINGER%20MEMORIAL%20HOSPITAL%20DISTRICT_STANDARD%20CHARGES.csv,,,No existing archive at C:\Users\bombt\Documents\Code\Hospital_Pricing\data\TX\451310.jsonl,
2026-09-03T03:12:40.167322+00:00,451311,SWEENY COMMUNITY HOSPITAL,SUCCESS,C:\Users\bombt\Documents\Code\Hospital_Pricing\data\TX\451311.jsonl,,,,0.01
2026-09-03T03:12:40.167322+00:00,451312,RICE MEDICAL CENTER,SUCCESS,C:\Users\bombt\Documents\Code\Hospital_Pricing\data\TX\451312.jsonl,,,,0.00
2026-09-03T03:12:40.167322+00:00,451313,FISHER COUNTY HOSPITAL DISTRICT,SUCCESS,C:\Users\bombt\Documents\Code\Hospital_Pricing\data\TX\451313.jsonl,,,,0.01
2026-09-03T03:12:40.167322+00:00,451314,WINKLER COUNTY MEMORIAL HOSPITAL,SUCCESS,C:\Users\bombt\Documents\Code\Hospital_Pricing\data\TX\451314.jsonl,,,,0.01
2026-09-03T03:12:40.167322+00:00,451315,NORTH RUNNELS HOSPITAL,SUCCESS,C:\Users\bombt\Documents\Code\Hospital_Pricing\data\TX\451315.jsonl,,,,0.00
2026-09-03T03:12:40.167322+00:00,451316,CHI ST JOSEPH HEALTH MADISON HOSPITAL,SUCCESS,C:\Users\bombt\Documents\Code\Hospital_Pricing\data\TX\451316.jsonl,,,,0.04
2026-09-03T03:12:40.167322+00:00,451317,REFUGIO COUNTY MEMORIAL HOSPITAL DISTRICT,SUCCESS,C:\Users\bombt\Documents\Code\Hospital_Pricing\data\TX\451317.jsonl,,,,0.00
2026-09-03T03:12:40.167322+00:00,451318,STONEWALL MEMORIAL HOSPITAL,SUCCESS,C:\Users\bombt\Documents\Code\Hospital_Pricing\data\TX\451318.jsonl,,,,0.00
2026-09-03T03:12:40.167322+00:00,451319,CHRISTUS MOTHER FRANCES HOSPITAL JACKSONVILLE,SKIPPED,https://www.christushealth.org/-/media/christus-health/plan-care/files/bill-pay/machine-readable-files/751976930_motherfranceshospitaljacksonville_standardcharges.ashx,,,No existing archive at C:\Users\bombt\Documents\Code\Hospital_Pricing\data\TX\451319.jsonl,
2026-09-03T03:12:40.167322+00:00,451322,CHI ST JOSEPH HEALTH GRIMES HOSPITAL,SUCCESS,C:\Users\bombt\Documents\Code\Hospital_Pricing\data\TX\451322.jsonl,,,,0.04
2026-09-03T03:12:40.167322+00:00,451323,ADVENTHEALTH ROLLINS BROOK,SUCCESS,C:\Users\bombt\Documents\Code\Hospital_Pricing\data\TX\451323.jsonl,2,,,0.02
2026-09-03T03:12:40.167322+00:00,451324,LMH MEMORIAL HOSPITAL,SUCCESS,C:\Users\bombt\Documents\Code\Hospital_Pricing\data\TX\451324.jsonl,,,,0.00
2026-09-03T03:12:40.167322+00:00,451325,CONCHO COUNTY HOSPITAL,SUCCESS,C:\Users\bombt\Documents\Code\Hospital_Pricing\data\TX\451325.jsonl,,,,0.00
2026-09-03T03:12:40.167322+00:00,451328,RICELAND MEDICAL CENTER,SUCCESS,C:\Users\bombt\Documents\Code\Hospital_Pricing\data\TX\451328.jsonl,,,,0.00
2026-09-03T03:12:40.167322+00:00,451330,MEDINA REGIONAL HOSPITAL,SUCCESS,C:\Users\bombt\Documents\Code\Hospital_Pricing\data\TX\451330.jsonl,,,,0.01
2026-09-03T03:12:40.167322+00:00,451331,DALLAM HARTLEY COUNTIES HOSPITAL DISTRICT,SUCCESS,C:\Users\bombt\Documents\Code\Hospital_Pricing\data\TX\451331.jsonl,,,,0.01
2026-09-03T03:12:40.167322+00:00,451332,PALACIOS COMMUNITY MEDICAL CENTER,SUCCESS,C:\Users\bombt\Documents\Code\Hospital_Pricing\data\TX\451332.jsonl,,,,0.01
2026-09-03T03:12:40.168833+00:00,451333,MARTIN COUNTY HOSPITAL DISTRICT,SUCCESS,C:\Users\bombt\Documents\Code\Hospital_Pricing\data\TX\451333.jsonl,,,,0.00
2026-09-03T03:12:40.168833+00:00,451334,PARKVIEW HOSPITAL,SKIPPED,https://parkviewhosp.org/?jet_download=d48f22d9d6ba7496a1db56eb76af9388cb225ae6,,,No existing archive at C:\Users\bombt\Documents\Code\Hospital_Pricing\data\TX\451334.jsonl,
2026-09-03T03:12:40.168833+00:00,451335,MUENSTER MEMORIAL HOSPITAL,SUCCESS,C:\Users\bombt\Documents\Code\Hospital_Pricing\data\TX\451335.jsonl,,,,0.00
2026-09-03T03:12:40.168833+00:00,451337,W.J. MANGOLD MEMORIAL HOSPITAL,SUCCESS,C:\Users\bombt\Documents\Code\Hospital_Pricing\data\TX\451337.jsonl,,,,0.00
2026-09-03T03:12:40.168833+00:00,451338,CULBERSON HOSPITAL,SUCCESS,C:\Users\bombt\Documents\Code\Hospital_Pricing\data\TX\451338.jsonl,,,,0.00
2026-09-03T03:12:40.168833+00:00,451339,THROCKMORTON COUNTY MEMORIAL HOSPITAL,SUCCESS,C:\Users\bombt\Documents\Code\Hospital_Pricing\data\TX\451339.jsonl,,,,0.00
2026-09-03T03:12:40.168833+00:00,451340,SHAMROCK GENERAL HOSPITAL,SUCCESS,C:\Users\bombt\Documents\Code\Hospital_Pricing\data\TX\451340.jsonl,,,,0.00
2026-09-03T03:12:40.168833+00:00,451341,HASKELL MEMORIAL HOSPITAL,SUCCESS,C:\Users\bombt\Documents\Code\Hospital_Pricing\data\TX\451341.jsonl,,,,0.00
2026-09-03T03:12:40.168833+00:00,451342,MITCHELL COUNTY HOSPITAL,SUCCESS,C:\Users\bombt\Documents\Code\Hospital_Pricing\data\TX\451342.jsonl,,,,0.01
2026-09-03T03:12:40.168833+00:00,451343,ELECTRA MEMORIAL HOSPITAL,SUCCESS,C:\Users\bombt\Documents\Code\Hospital_Pricing\data\TX\451343.jsonl,,,,0.01
2026-09-03T03:12:40.168833+00:00,451344,HANSFORD COUNTY HOSPITAL,SUCCESS,C:\Users\bombt\Documents\Code\Hospital_Pricing\data\TX\451344.jsonl,,,,0.01
2026-09-03T03:12:40.168833+00:00,451345,CROSBYTON CLINIC HOSPITAL,SUCCESS,C:\Users\bombt\Documents\Code\Hospital_Pricing\data\TX\451345.jsonl,,,,0.00
2026-09-03T03:12:40.168833+00:00,451346,YOAKUM COMMUNITY HOSPITAL,SUCCESS,C:\Users\bombt\Documents\Code\Hospital_Pricing\data\TX\451346.jsonl,,,,0.01
2026-09-03T03:12:40.168833+00:00,451347,COLEMAN COUNTY MEDICAL CENTER,SUCCESS,C:\Users\bombt\Documents\Code\Hospital_Pricing\data\TX\451347.jsonl,,,,0.01
2026-09-03T03:12:40.168833+00:00,451348,HEART OF TEXAS MEMORIAL HOSPITAL,SUCCESS,C:\Users\bombt\Documents\Code\Hospital_Pricing\data\TX\451348.jsonl,,,,0.00
2026-09-03T03:12:40.168833+00:00,451349,SWISHER MEMORIAL HOSPITAL,SUCCESS,C:\Users\bombt\Documents\Code\Hospital_Pricing\data\TX\451349.jsonl,,,,0.00
2026-09-03T03:12:40.168833+00:00,451350,CASTRO COUNTY HOSPITAL DISTRICT,SUCCESS,C:\Users\bombt\Documents\Code\Hospital_Pricing\data\TX\451350.jsonl,,,,0.00
2026-09-03T03:12:40.168833+00:00,451351,LYNN COUNTY HOSPITAL DISTRICT,SUCCESS,C:\Users\bombt\Documents\Code\Hospital_Pricing\data\TX\451351.jsonl,,,,0.00
2026-09-03T03:12:40.168833+00:00,451352,HARDEMAN COUNTY MEMORIAL HOSPITAL,SUCCESS,C:\Users\bombt\Documents\Code\Hospital_Pricing\data\TX\451352.jsonl,,,,0.01
2026-09-03T03:12:40.168833+00:00,451353,CRANE MEMORIAL HOSPITAL,SUCCESS,C:\Users\bombt\Documents\Code\Hospital_Pricing\data\TX\451353.jsonl,,,,0.00
2026-09-03T03:12:40.168833+00:00,451354,OLNEY HAMILTON HOSPITAL,SUCCESS,C:\Users\bombt\Documents\Code\Hospital_Pricing\data\TX\451354.jsonl,,,,0.01
2026-09-03T03:12:40.168833+00:00,451355,COLLINGSWORTH GENERAL HOSPITAL,SUCCESS,C:\Users\bombt\Documents\Code\Hospital_Pricing\data\TX\451355.jsonl,,,,0.00
2026-09-03T03:12:40.168833+00:00,451356,MEMORIAL MEDICAL CENTER,SUCCESS,C:\Users\bombt\Documents\Code\Hospital_Pricing\data\TX\451356.jsonl,,,,0.01
2026-09-03T03:12:40.168833+00:00,451358,SEMINOLE HOSPITAL DISTRICT,SUCCESS,C:\Users\bombt\Documents\Code\Hospital_Pricing\data\TX\451358.jsonl,,,,0.00
2026-09-03T03:12:40.168833+00:00,451359,OCHILTREE GENERAL HOSPITAL,SUCCESS,C:\Users\bombt\Documents\Code\Hospital_Pricing\data\TX\451359.jsonl,,,,0.01
2026-09-03T03:12:40.168833+00:00,451360,ST. LUKE'S HEALTH MEMORIAL HOSPITAL SAN AUGUSTINE,SUCCESS,C:\Users\bombt\Documents\Code\Hospital_Pricing\data\TX\451360.jsonl,2,,,0.03
2026-09-03T03:12:40.168833+00:00,451361,SABINE COUNTY HOSPITAL,SUCCESS,C:\Users\bombt\Documents\Code\Hospital_Pricing\data\TX\451361.jsonl,,,,0.00
2026-09-03T03:12:40.168833+00:00,451362,CLAY COUNTY MEMORIAL HOSPITAL,SUCCESS,C:\Users\bombt\Documents\Code\Hospital_Pricing\data\TX\451362.jsonl,,,,0.01
2026-09-03T03:12:40.168833+00:00,451363,JACKSON COUNTY HOSPITAL DISTRICT,SUCCESS,C:\Users\bombt\Documents\Code\Hospital_Pricing\data\TX\451363.jsonl,,,,0.01
2026-09-03T03:12:40.168833+00:00,451364,OTTO KAISER MEMORIAL HOSPITAL,SUCCESS,C:\Users\bombt\Documents\Code\Hospital_Pricing\data\TX\451364.jsonl,,,,0.01
2026-09-03T03:12:40.168833+00:00,451365,ASCENSION SETON HIGHLAND LAKES,SKIPPED,https://ascensionliving.org/-/media/project/ascension/healthcare/price-transparency-files/tx-csv/741109643-1003833013_ascension-seton_standardcharges,,,No existing archive at C:\Users\bombt\Documents\Code\Hospital_Pricing\data\TX\451365.jsonl,
2026-09-03T03:12:40.168833+00:00,451366,COCHRAN MEMORIAL HOSPITAL,SKIPPED,https://www.cochranmemorial.com/pricing/751255846_cochran-memorial-hospital_standardcharges.csv,,,No existing archive at C:\Users\bombt\Documents\Code\Hospital_Pricing\data\TX\451366.jsonl,
2026-09-03T03:12:40.168833+00:00,451367,UT HEALTH PITTSBURG,SUCCESS,C:\Users\bombt\Documents\Code\Hospital_Pricing\data\TX\451367.jsonl,,,,0.01
2026-09-03T03:12:40.168833+00:00,451369,GOLDEN PLAINS COMMUNITY HOSPITAL,SKIPPED,https://goldenplains.org/wp-content/uploads/2025/09/260328929_Golden-Plains-Hospital_standardcharges.xlsx,,,No existing archive at C:\Users\bombt\Documents\Code\Hospital_Pricing\data\TX\451369.jsonl,
2026-09-03T03:12:40.168833+00:00,451370,TMC BONHAM HOSPITAL,SUCCESS,C:\Users\bombt\Documents\Code\Hospital_Pricing\data\TX\451370.jsonl,,,,0.01
2026-09-03T03:12:40.168833+00:00,451371,ASCENSION SETON EDGAR B DAVIS HOSPITAL,SUCCESS,C:\Users\bombt\Documents\Code\Hospital_Pricing\data\TX\451371.jsonl,2,,,0.01
2026-09-03T03:12:40.168833+00:00,451372,MULESHOE AREA MEDICAL CENTER,SUCCESS,C:\Users\bombt\Documents\Code\Hospital_Pricing\data\TX\451372.jsonl,,,,0.00
2026-09-03T03:12:40.168833+00:00,451373,WARD MEMORIAL HOSPITAL,SUCCESS,C:\Users\bombt\Documents\Code\Hospital_Pricing\data\TX\451373.jsonl,,,,0.01
2026-09-03T03:12:40.168833+00:00,451374,BAYLOR SCOTT & WHITE HOSPITAL TAYLOR,SUCCESS,C:\Users\bombt\Documents\Code\Hospital_Pricing\data\TX\451374.jsonl,,,,0.04
2026-09-03T03:12:40.168833+00:00,451375,LIBERTY-DAYTON REGIONAL MEDICAL CENTER,SUCCESS,C:\Users\bombt\Documents\Code\Hospital_Pricing\data\TX\451375.jsonl,,,,0.01
2026-09-03T03:12:40.168833+00:00,451376,LAVACA MEDICAL CENTER,SUCCESS,C:\Users\bombt\Documents\Code\Hospital_Pricing\data\TX\451376.jsonl,,,,0.01
2026-09-03T03:12:40.168833+00:00,451377,REEVES REGIONAL HEALTH,SUCCESS,C:\Users\bombt\Documents\Code\Hospital_Pricing\data\TX\451377.jsonl,,,,0.00
2026-09-03T03:12:40.168833+00:00,451378,BIG BEND REGIONAL MEDICAL CENTER,SUCCESS,C:\Users\bombt\Documents\Code\Hospital_Pricing\data\TX\451378.jsonl,,,,0.01
2026-09-03T03:12:40.168833+00:00,451379,CORYELL MEMORIAL HOSPITAL,SUCCESS,C:\Users\bombt\Documents\Code\Hospital_Pricing\data\TX\451379.jsonl,,,,0.01
2026-09-03T03:12:40.168833+00:00,451380,UT HEALTH QUITMAN,SUCCESS,C:\Users\bombt\Documents\Code\Hospital_Pricing\data\TX\451380.jsonl,,,,0.01
2026-09-03T03:12:40.168833+00:00,451381,CHRISTUS MOTHER FRANCES HOSPITAL WINNSBORO,SUCCESS,C:\Users\bombt\Documents\Code\Hospital_Pricing\data\TX\451381.jsonl,2,,,0.06
2026-09-03T03:12:40.168833+00:00,451382,COMANCHE COUNTY MEDICAL CENTER,SUCCESS,C:\Users\bombt\Documents\Code\Hospital_Pricing\data\TX\451382.jsonl,,,,0.01
2026-09-03T03:12:40.168833+00:00,451384,COGDELL MEMORIAL HOSPITAL,SUCCESS,C:\Users\bombt\Documents\Code\Hospital_Pricing\data\TX\451384.jsonl,,,,0.01
2026-09-03T03:12:40.168833+00:00,451385,GOODALL-WITCHER HEALTHCARE,SUCCESS,C:\Users\bombt\Documents\Code\Hospital_Pricing\data\TX\451385.jsonl,,,,0.01
2026-09-03T03:12:40.168833+00:00,451386,MOORE COUNTY HOSPITAL DISTRICT,SKIPPED,https://moorecountyhospitaldistrict.pg.quadax.revenuemasters.com/cdm-files/751302152_moore-county-hospital-district_standardcharges.csv,,,No existing archive at C:\Users\bombt\Documents\Code\Hospital_Pricing\data\TX\451386.jsonl,
2026-09-03T03:12:40.168833+00:00,451387,UVALDE MEMORIAL HOSPITAL,SUCCESS,C:\Users\bombt\Documents\Code\Hospital_Pricing\data\TX\451387.jsonl,,,,0.01
2026-09-03T03:12:40.168833+00:00,451389,PECOS COUNTY MEMORIAL HOSPITAL,SUCCESS,C:\Users\bombt\Documents\Code\Hospital_Pricing\data\TX\451389.jsonl,,,,0.01
2026-09-03T03:12:40.168833+00:00,451390,DIMMIT REGIONAL HOSPITAL,SUCCESS,C:\Users\bombt\Documents\Code\Hospital_Pricing\data\TX\451390.jsonl,,,,0.00
2026-09-03T03:12:40.168833+00:00,451391,FRIO REGIONAL HOSPITAL,SUCCESS,C:\Users\bombt\Documents\Code\Hospital_Pricing\data\TX\451391.jsonl,,,,0.01
2026-09-03T03:12:40.168833+00:00,451392,HAMILTON GENERAL HOSPITAL,SUCCESS,C:\Users\bombt\Documents\Code\Hospital_Pricing\data\TX\451392.jsonl,,,,0.01
2026-09-03T03:12:40.168833+00:00,451393,MIDCOAST MEDICAL CENTER CROCKETT,SUCCESS,C:\Users\bombt\Documents\Code\Hospital_Pricing\data\TX\451393.jsonl,,,,0.01
2026-09-03T03:12:40.168833+00:00,451394,KNOX COUNTY HOSPITAL,SUCCESS,C:\Users\bombt\Documents\Code\Hospital_Pricing\data\TX\451394.jsonl,,,,0.00
2026-09-03T03:12:40.168833+00:00,451395,HILL REGIONAL HOSPITAL,SUCCESS,C:\Users\bombt\Documents\Code\Hospital_Pricing\data\TX\451395.jsonl,,,,0.00
2026-09-03T03:12:40.168833+00:00,451396,LLANO REGIONAL HOSPITAL,SUCCESS,C:\Users\bombt\Documents\Code\Hospital_Pricing\data\TX\451396.jsonl,,,,0.01
2026-09-03T03:12:40.168833+00:00,451397,BAYLOR SCOTT & WHITE HOSPITAL BRENHAM,SUCCESS,C:\Users\bombt\Documents\Code\Hospital_Pricing\data\TX\451397.jsonl,,,,0.03
2026-09-03T03:12:40.168833+00:00,451398,PAMPA REGIONAL MEDICAL CENTER,SUCCESS,C:\Users\bombt\Documents\Code\Hospital_Pricing\data\TX\451398.jsonl,,,,0.01
2026-09-03T03:12:40.168833+00:00,451399,SEYMOUR HOSPITAL,SKIPPED,https://seymourhospital.slicedhealth.io/home,,,No existing archive at C:\Users\bombt\Documents\Code\Hospital_Pricing\data\TX\451399.jsonl,
2026-09-03T03:12:40.168833+00:00,452016,KINDRED HOSPITAL SAN ANTONIO,SUCCESS,C:\Users\bombt\Documents\Code\Hospital_Pricing\data\TX\452016.jsonl,,,,0.01
2026-09-03T03:12:40.168833+00:00,452018,TEXAS HEALTH SPECIALTY HOSPITAL FORT WORTH,SUCCESS,C:\Users\bombt\Documents\Code\Hospital_Pricing\data\TX\452018.jsonl,,,,0.01
2026-09-03T03:12:40.168833+00:00,452022,SELECT SPECIALTY HOSPITAL - DALLAS PLANO,SKIPPED,https://resources.selectmedical.com/pricing-transparency/critical-illness-recovery/25-1813126_Select_Specialty_Hospital-Dallas_standardcharges.csv,,,No existing archive at C:\Users\bombt\Documents\Code\Hospital_Pricing\data\TX\452022.jsonl,
2026-09-03T03:12:40.168833+00:00,452023,KINDRED HOSPITAL HOUSTON MEDICAL CENTER,SUCCESS,C:\Users\bombt\Documents\Code\Hospital_Pricing\data\TX\452023.jsonl,,,,0.01
2026-09-03T03:12:40.168833+00:00,452028,KINDRED HOSPITAL TARRANT COUNTY,SUCCESS,C:\Users\bombt\Documents\Code\Hospital_Pricing\data\TX\452028.jsonl,,,,0.01
2026-09-03T03:12:40.168833+00:00,452029,CONTINUECARE HOSPITAL AT HENDRICK MEDICAL CENTER,SUCCESS,C:\Users\bombt\Documents\Code\Hospital_Pricing\data\TX\452029.jsonl,,,,0.00
2026-09-03T03:12:40.168833+00:00,452032,VIBRA HOSPITAL OF CLEAR LAKE,SKIPPED,https://vhclearlake.com/wp-content/uploads/sites/48/2025/09/472845145_vibra-hospital-of-clear-lake_standardcharges.csv,,,No existing archive at C:\Users\bombt\Documents\Code\Hospital_Pricing\data\TX\452032.jsonl,
2026-09-03T03:12:40.168833+00:00,452034,CORNERSTONE SPECIALTY HOSPITALS AUSTIN,SUCCESS,C:\Users\bombt\Documents\Code\Hospital_Pricing\data\TX\452034.jsonl,,,,0.00
2026-09-03T03:12:40.168833+00:00,452038,TEXAS NEUROREHAB CENTER,SKIPPED,https://uhsfilecdn.eskycity.net/bh/562274069_texas-neuro-bh-medical_standardcharges.csv,,,No existing archive at C:\Users\bombt\Documents\Code\Hospital_Pricing\data\TX\452038.jsonl,
2026-09-03T03:12:40.168833+00:00,452039,KINDRED HOSPITAL HOUSTON NORTHWEST,SUCCESS,C:\Users\bombt\Documents\Code\Hospital_Pricing\data\TX\452039.jsonl,,,,0.01
2026-09-03T03:12:40.168833+00:00,452041,CARRUS SPECIALTY HOSPITAL,SKIPPED,https://carrushealth.com/wp-content/uploads/2025/10/331202676_texoma-hospital-partners-dba-carrus-specialty-hospital_standardcharges.csv,,,No existing archive at C:\Users\bombt\Documents\Code\Hospital_Pricing\data\TX\452041.jsonl,
2026-09-03T03:12:40.168833+00:00,452042,CHRISTUS DUBUIS HOSPITAL OF BEAUMONT,SKIPPED,"https://lhcgroup.wpenginepowered.com/wp-content/uploads/82-2231824_LHCG%20CXXI,%20LLC%20dba%20Christus%20Dubuis%20Hospital%20of%20Beaumont_standardcharges.xlsx",,,No existing archive at C:\Users\bombt\Documents\Code\Hospital_Pricing\data\TX\452042.jsonl,
2026-09-03T03:12:40.168833+00:00,452057,NEXUS SPECIALTY HOSPITAL-SHENANDOAH CAMPUS,SUCCESS,C:\Users\bombt\Documents\Code\Hospital_Pricing\data\TX\452057.jsonl,,,,0.00
2026-09-03T03:12:40.168833+00:00,452061,PAM SPECIALTY HOSPITAL OF TEXARKANA NORTH,SUCCESS,C:\Users\bombt\Documents\Code\Hospital_Pricing\data\TX\452061.jsonl,,,,0.00
2026-09-03T03:12:40.168833+00:00,452062,PAM SPECIALTY HOSPITAL OF LULING,SUCCESS,C:\Users\bombt\Documents\Code\Hospital_Pricing\data\TX\452062.jsonl,,,,0.00
2026-09-03T03:12:40.168833+00:00,452068,KPC PROMISE OF WICHITA FALLS,SKIPPED,https://wichitafalls.kpcph.com/wp-content/uploads/sites/10/2025/05/83-4295134_Highcrest-Hospital-of-Wichita-Falls_standardcharges.csv,,,No existing archive at C:\Users\bombt\Documents\Code\Hospital_Pricing\data\TX\452068.jsonl,
2026-09-03T03:12:40.168833+00:00,452073,KINDRED HOSPITAL SAN ANTONIO CENTRAL,SUCCESS,C:\Users\bombt\Documents\Code\Hospital_Pricing\data\TX\452073.jsonl,,,,0.01
2026-09-03T03:12:40.169837+00:00,452075,KINDRED HOSPITAL CLEAR LAKE,SUCCESS,C:\Users\bombt\Documents\Code\Hospital_Pricing\data\TX\452075.jsonl,,,,0.01
2026-09-03T03:12:40.169837+00:00,452079,KINDRED HOSPITAL EL PASO,SUCCESS,C:\Users\bombt\Documents\Code\Hospital_Pricing\data\TX\452079.jsonl,,,,0.01
2026-09-03T03:12:40.169837+00:00,452080,KINDRED HOSPITAL SUGAR LAND,SUCCESS,C:\Users\bombt\Documents\Code\Hospital_Pricing\data\TX\452080.jsonl,,,,0.01
2026-09-03T03:12:40.169837+00:00,452083,MID-JEFFERSON EXTENDED CARE HOSPITAL,SKIPPED,https://www.midjeffextendedcare.com/siteuploads/mid-jefferson-hospital/472560012_Mid-Jeff-Extended-Care-Hospital-standardcharges.csv,,,No existing archive at C:\Users\bombt\Documents\Code\Hospital_Pricing\data\TX\452083.jsonl,
2026-09-03T03:12:40.169837+00:00,452086,PAM SPECIALTY HOSPITAL OF CORPUS CHRISTI NORTH,SUCCESS,C:\Users\bombt\Documents\Code\Hospital_Pricing\data\TX\452086.jsonl,,,,0.00
2026-09-03T03:12:40.169837+00:00,452091,TYLER CONTINUE CARE HOSPITAL,SUCCESS,C:\Users\bombt\Documents\Code\Hospital_Pricing\data\TX\452091.jsonl,,,,0.00
2026-09-03T03:12:40.169837+00:00,452094,PAM HEALTH SPECIALTY HOSPITAL OF VICTORIA NORTH,SUCCESS,C:\Users\bombt\Documents\Code\Hospital_Pricing\data\TX\452094.jsonl,,,,0.00
2026-09-03T03:12:40.169837+00:00,452095,SOLARA SPECIALTY HOSPITALS MCALLEN,SUCCESS,C:\Users\bombt\Documents\Code\Hospital_Pricing\data\TX\452095.jsonl,,,,0.00
2026-09-03T03:12:40.169837+00:00,452096,LAREDO SPECIALTY HOSPITAL,SUCCESS,C:\Users\bombt\Documents\Code\Hospital_Pricing\data\TX\452096.jsonl,,,,0.00
2026-09-03T03:12:40.169837+00:00,452100,MESQUITE SPECIALTY HOSPITAL,SUCCESS,C:\Users\bombt\Documents\Code\Hospital_Pricing\data\TX\452100.jsonl,,,,0.00
2026-09-03T03:12:40.169837+00:00,452101,SOLARA HOSPITAL HARLINGEN,SUCCESS,C:\Users\bombt\Documents\Code\Hospital_Pricing\data\TX\452101.jsonl,,,,0.00
2026-09-03T03:12:40.169837+00:00,452101,SOLARA SPECIALTY HOSPITALS BROWNSVILLE,SUCCESS,C:\Users\bombt\Documents\Code\Hospital_Pricing\data\TX\452101.jsonl,,,,0.00
2026-09-03T03:12:40.169837+00:00,452102,COVENANT SPECIALTY HOSPITAL,SUCCESS,C:\Users\bombt\Documents\Code\Hospital_Pricing\data\TX\452102.jsonl,,,,0.01
2026-09-03T03:12:40.169837+00:00,452105,BAYLOR SCOTT & WHITE CONTINUING CARE HOSPITAL,SUCCESS,C:\Users\bombt\Documents\Code\Hospital_Pricing\data\TX\452105.jsonl,,,,0.03
2026-09-03T03:12:40.169837+00:00,452106,PAM SPECIALITY HOSPITAL OF NEW BRAUNFELS,SUCCESS,C:\Users\bombt\Documents\Code\Hospital_Pricing\data\TX\452106.jsonl,,,,0.00
2026-09-03T03:12:40.169837+00:00,452107,CORNERSTONE HOSPITAL CONROE,SUCCESS,C:\Users\bombt\Documents\Code\Hospital_Pricing\data\TX\452107.jsonl,,,,0.00
2026-09-03T03:12:40.169837+00:00,452108,KINDRED HOSPITAL DALLAS CENTRAL,SUCCESS,C:\Users\bombt\Documents\Code\Hospital_Pricing\data\TX\452108.jsonl,,,,0.01
2026-09-03T03:12:40.169837+00:00,452114,ATRIUM MEDICAL CENTER,SKIPPED,https://www.atriummedicalcenter.com/wp-content/themes/atriummediel322/pdf/203804862_atriumedicalcenter_standardcharges.csv,,,No existing archive at C:\Users\bombt\Documents\Code\Hospital_Pricing\data\TX\452114.jsonl,
2026-09-03T03:12:40.169837+00:00,452118,HOUSTON METHODIST CONTINUING CARE HOSPITAL,SKIPPED,https://www.houstonmethodist.org/-/media/files/patient-resources/452118_houston-methodist-continuing-care-hospital_standard-charges.ashx,,,No existing archive at C:\Users\bombt\Documents\Code\Hospital_Pricing\data\TX\452118.jsonl,
2026-09-03T03:12:40.169837+00:00,452119,SELECT SPECIALTY HOSPITAL - DALLAS DOWNTOWN,SKIPPED,https://resources.selectmedical.com/pricing-transparency/critical-illness-recovery/25-1813126_Select_Specialty_Hospital-Dallas_Downtown_standardcharges.csv,,,No existing archive at C:\Users\bombt\Documents\Code\Hospital_Pricing\data\TX\452119.jsonl,
2026-09-03T03:12:40.169837+00:00,452121,CONTINUECARE HOSPITAL AT MEDICAL CENTER ODESSA,SUCCESS,C:\Users\bombt\Documents\Code\Hospital_Pricing\data\TX\452121.jsonl,,,,0.00
2026-09-03T03:12:40.169837+00:00,452122,EL PASO LTAC HOSPITAL,SKIPPED,https://www.epltachospital.com/uploads/1/3/1/1/131194992/203929328_elpasoltachospital_standardcharges.csv,,,No existing archive at C:\Users\bombt\Documents\Code\Hospital_Pricing\data\TX\452122.jsonl,
2026-09-03T03:12:40.169837+00:00,453025,TIRR MEMORIAL HERMANN,SUCCESS,C:\Users\bombt\Documents\Code\Hospital_Pricing\data\TX\453025.jsonl,,,,0.01
2026-09-03T03:12:40.169837+00:00,453031,ENCOMPASS HEALTH REHABILITATION HOSPITAL OF SAN ANTONIO,SKIPPED,https://edge.sitecorecloud.io/encompasshee178-encompasshed9db-prodb258-07da/media/Project/EncompassHealth/encompasshealth/Files/1-price-transparency/631105930_Encompass-Health-Rehabilitation-Hospital-of-San-Antonio_standardcharges.csv,,,No existing archive at C:\Users\bombt\Documents\Code\Hospital_Pricing\data\TX\453031.jsonl,
2026-09-03T03:12:40.169837+00:00,453036,BAYLOR SCOTT & WHITE INSTITUTE FOR REHABILITATION DALLAS,SUCCESS,C:\Users\bombt\Documents\Code\Hospital_Pricing\data\TX\453036.jsonl,,,,0.00
2026-09-03T03:12:40.169837+00:00,453040,ENCOMPASS HEALTH REHABILITATION HOSPITAL OF ARLINGTON,SKIPPED,https://edge.sitecorecloud.io/encompasshee178-encompasshed9db-prodb258-07da/media/Project/EncompassHealth/encompasshealth/Files/1-price-transparency/631184844_Encompass-Health-Rehabilitation-Hospital-of-Arlington_standardcharges.csv,,,No existing archive at C:\Users\bombt\Documents\Code\Hospital_Pricing\data\TX\453040.jsonl,
2026-09-03T03:12:40.169837+00:00,453042,ENCOMPASS HEALTH REHABILITATION OF CITY VIEW,SKIPPED,https://encompasshealth.com/-/media/healthsouth/project/healthsouth/files/1-price-transparency/25-1587575_Encompass%20Health%20Rehabilitation%20Hospital%20of%20City%20View_standardcharges.csv,,,No existing archive at C:\Users\bombt\Documents\Code\Hospital_Pricing\data\TX\453042.jsonl,
2026-09-03T03:12:40.169837+00:00,453047,ENCOMPASS HEALTH REHABILITATION HOSPITAL OF PLANO,SKIPPED,https://edge.sitecorecloud.io/encompasshee178-encompasshed9db-prodb258-07da/media/Project/EncompassHealth/encompasshealth/Files/1-price-transparency/208038733_Encompass-Health-Rehabilitation-Hospital-of-Round-Rock_standardcharges.csv,,,No existing archive at C:\Users\bombt\Documents\Code\Hospital_Pricing\data\TX\453047.jsonl,
2026-09-03T03:12:40.169837+00:00,453048,PAM REHABILITATION HOSPITAL OF BEAUMONT,SUCCESS,C:\Users\bombt\Documents\Code\Hospital_Pricing\data\TX\453048.jsonl,,,,0.00
2026-09-03T03:12:40.169837+00:00,453053,ENCOMPASS HEALTH REHABILITATION HOSPITAL OF TEXARKANA,SKIPPED,https://edge.sitecorecloud.io/encompasshee178-encompasshed9db-prodb258-07da/media/Project/EncompassHealth/encompasshealth/Files/1-price-transparency/208038733_Encompass-Health-Rehabilitation-Hospital-of-Round-Rock_standardcharges.csv,,,No existing archive at C:\Users\bombt\Documents\Code\Hospital_Pricing\data\TX\453053.jsonl,
2026-09-03T03:12:40.169837+00:00,453054,ENCOMPASS HEALTH REHABILITATION HOSPITAL OF WICHITA FALLS,SKIPPED,https://edge.sitecorecloud.io/encompasshee178-encompasshed9db-prodb258-07da/media/Project/EncompassHealth/encompasshealth/Files/1-price-transparency/251664933_Encompass-Health-Rehabilitation-Hospital-of-Wichita-Falls_standardcharges.csv,,,No existing archive at C:\Users\bombt\Documents\Code\Hospital_Pricing\data\TX\453054.jsonl,
2026-09-03T03:12:40.169837+00:00,453056,CHRISTUS TRINITY MOTHER FRANCES REHABILITATION HOSPITAL,SKIPPED,https://edge.sitecorecloud.io/encompasshee178-encompasshed9db-prodb258-07da/media/Project/EncompassHealth/encompasshealth/Files/1-price-transparency/251675784_Christus-Trinity-Mother-Frances-Rehabilitation-Hospital-a-partner-of-Encompass-Health_standardcharges.csv,,,No existing archive at C:\Users\bombt\Documents\Code\Hospital_Pricing\data\TX\453056.jsonl,
2026-09-03T03:12:40.169837+00:00,453057,ENCOMPASS HEALTH REHABILITATION HOSPITAL OF MIDLAND/ODESSA,SKIPPED,https://edge.sitecorecloud.io/encompasshee178-encompasshed9db-prodb258-07da/media/Project/EncompassHealth/encompasshealth/Files/1-price-transparency/208038733_Encompass-Health-Rehabilitation-Hospital-of-Round-Rock_standardcharges.csv,,,No existing archive at C:\Users\bombt\Documents\Code\Hospital_Pricing\data\TX\453057.jsonl,
2026-09-03T03:12:40.169837+00:00,453072,UT HEALTH EAST TEXAS REHABILITATION HOSPITAL,SUCCESS,C:\Users\bombt\Documents\Code\Hospital_Pricing\data\TX\453072.jsonl,,,,0.00
2026-09-03T03:12:40.169837+00:00,453091,WESLACO REGIONAL REHABILITATION HOSPITAL,SUCCESS,C:\Users\bombt\Documents\Code\Hospital_Pricing\data\TX\453091.jsonl,,,,0.00
2026-09-03T03:12:40.169837+00:00,453092,SOUTH TEXAS REHABILITATION HOSPITAL,SUCCESS,C:\Users\bombt\Documents\Code\Hospital_Pricing\data\TX\453092.jsonl,,,,0.00
2026-09-03T03:12:40.169837+00:00,453300,COOK CHILDREN'S MEDICAL CENTER,SUCCESS,C:\Users\bombt\Documents\Code\Hospital_Pricing\data\TX\453300.jsonl,2,,,0.01
2026-09-03T03:12:40.169837+00:00,453301,DRISCOLL CHILDREN'S HOSPITAL,SUCCESS,C:\Users\bombt\Documents\Code\Hospital_Pricing\data\TX\453301.jsonl,2,,,0.01
2026-09-03T03:12:40.169837+00:00,453302,CHILDREN'S MEDICAL CENTER OF DALLAS,SUCCESS,C:\Users\bombt\Documents\Code\Hospital_Pricing\data\TX\453302.jsonl,2,,,0.01
2026-09-03T03:12:40.169837+00:00,453304,TEXAS CHILDREN'S HOSPITAL,SUCCESS,C:\Users\bombt\Documents\Code\Hospital_Pricing\data\TX\453304.jsonl,2,,,0.02
2026-09-03T03:12:40.169837+00:00,453306,COVENANT CHILDREN'S HOSPITAL,SUCCESS,C:\Users\bombt\Documents\Code\Hospital_Pricing\data\TX\453306.jsonl,2,,,0.01
2026-09-03T03:12:40.169837+00:00,453308,OUR CHILDRENS HOUSE,SUCCESS,C:\Users\bombt\Documents\Code\Hospital_Pricing\data\TX\453308.jsonl,2,,,0.01
2026-09-03T03:12:40.169837+00:00,453309,NEXUS CHILDREN'S HOSPITAL HOUSTON,SUCCESS,C:\Users\bombt\Documents\Code\Hospital_Pricing\data\TX\453309.jsonl,,,,0.00
2026-09-03T03:12:40.169837+00:00,453310,ASCENSION DELL CHILDREN'S MEDICAL CENTER,SKIPPED,https://ascensionliving.org/-/media/project/ascension/healthcare/price-transparency-files/tx-csv/741109643-1447355771_ascension-seton_standardcharges,,,No existing archive at C:\Users\bombt\Documents\Code\Hospital_Pricing\data\TX\453310.jsonl,
2026-09-03T03:12:40.169837+00:00,453311,SHRINERS HOSPITALS FOR CHILDREN,SUCCESS,C:\Users\bombt\Documents\Code\Hospital_Pricing\data\TX\453311.jsonl,,,,0.01
2026-09-03T03:12:40.169837+00:00,453313,EL PASO CHILDREN'S HOSPITAL,SUCCESS,C:\Users\bombt\Documents\Code\Hospital_Pricing\data\TX\453313.jsonl,2,,,0.01
2026-09-03T03:12:40.169837+00:00,453314,TEXAS SCOTTISH RITE HOSPITAL FOR CHILDREN,SUCCESS,C:\Users\bombt\Documents\Code\Hospital_Pricing\data\TX\453314.jsonl,,,,0.02
2026-09-03T03:12:40.169837+00:00,453315,CHRISTUS CHILDREN'S HOSPITAL,SUCCESS,C:\Users\bombt\Documents\Code\Hospital_Pricing\data\TX\453315.jsonl,,,,0.05
2026-09-03T03:12:40.169837+00:00,453316,CHILDRENS MEDICAL CENTER PLANO,SUCCESS,C:\Users\bombt\Documents\Code\Hospital_Pricing\data\TX\453316.jsonl,2,,,0.01
2026-09-03T03:12:40.169837+00:00,453317,COOK CHILDREN'S MEDICAL CENTER - PROSPER,SUCCESS,C:\Users\bombt\Documents\Code\Hospital_Pricing\data\TX\453317.jsonl,2,,,0.01
2026-09-03T03:12:40.169837+00:00,454012,MILLWOOD HOSPITAL,SKIPPED,https://uhsfilecdn.eskycity.net/bh/201021264_millwood_standardcharges.csv,,,No existing archive at C:\Users\bombt\Documents\Code\Hospital_Pricing\data\TX\454012.jsonl,
2026-09-03T03:12:40.169837+00:00,454018,RED RIVER HOSPITAL,SKIPPED,https://www.redriverhospital.com/wp-content/uploads/pricing/2025/212/35-2351651_Red-River-Hospital-LLC_standardcharges.csv,,,No existing archive at C:\Users\bombt\Documents\Code\Hospital_Pricing\data\TX\454018.jsonl,
2026-09-03T03:12:40.169837+00:00,454029,ASCENSION SETON SHOAL CREEK HOSPITAL,SUCCESS,C:\Users\bombt\Documents\Code\Hospital_Pricing\data\TX\454029.jsonl,,,,0.00
2026-09-03T03:12:40.169837+00:00,454050,GLEN OAKS HOSPITAL,SKIPPED,https://uhsfilecdn.eskycity.net/bh/232357811_glen-oaks_standardcharges.csv,,,No existing archive at C:\Users\bombt\Documents\Code\Hospital_Pricing\data\TX\454050.jsonl,
2026-09-03T03:12:40.169837+00:00,454060,LAUREL RIDGE TREATMENT CENTER,SKIPPED,https://uhsfilecdn.eskycity.net/bh/432002326_laurel-ridge_standardcharges.csv,,,No existing archive at C:\Users\bombt\Documents\Code\Hospital_Pricing\data\TX\454060.jsonl,
2026-09-03T03:12:40.169837+00:00,454064,RIVER CREST HOSPITAL,SUCCESS,C:\Users\bombt\Documents\Code\Hospital_Pricing\data\TX\454064.jsonl,2,,,0.01
2026-09-03T03:12:40.169837+00:00,454076,HARRIS COUNTY PSYCHIATRIC CENTER,SKIPPED,https://www.uth.edu/dunn-behavioral-sciences-center/assets/documents/price-transparency-shoppable-services.pdf?language_id=1,,,No existing archive at C:\Users\bombt\Documents\Code\Hospital_Pricing\data\TX\454076.jsonl,
2026-09-03T03:12:40.169837+00:00,454093,SUNRISE CANYON HOSPITAL,SUCCESS,C:\Users\bombt\Documents\Code\Hospital_Pricing\data\TX\454093.jsonl,,,,0.00
2026-09-03T03:12:40.169837+00:00,454094,MEDICAL CITY GREEN OAKS HOSPITAL,SUCCESS,C:\Users\bombt\Documents\Code\Hospital_Pricing\data\TX\454094.jsonl,2,,,0.05
2026-09-03T03:12:40.169837+00:00,454101,FREEDOM BEHAVIORAL HOSPITAL PLAINVIEW,SKIPPED,https://freedombehavioral.com/wp-content/uploads/2024/01/201871394_allegiance-behavioral-health-center-of-plainview_standardcharges.csv,,,No existing archive at C:\Users\bombt\Documents\Code\Hospital_Pricing\data\TX\454101.jsonl,
2026-09-03T03:12:40.169837+00:00,454103,KINGWOOD PINES HOSPITAL,SKIPPED,https://uhsfilecdn.eskycity.net/bh/731726290_kingwood-pines_standardcharges.csv,,,No existing archive at C:\Users\bombt\Documents\Code\Hospital_Pricing\data\TX\454103.jsonl,
2026-09-03T03:12:40.169837+00:00,454104,UNIVERSITY BEHAVIORAL HEALTH OF DENTON,SKIPPED,https://uhsfilecdn.eskycity.net/bh/203078922_ubh-denton_standardcharges.csv,,,No existing archive at C:\Users\bombt\Documents\Code\Hospital_Pricing\data\TX\454104.jsonl,
2026-09-03T03:12:40.169837+00:00,454107,BEHAVIORAL HOSPITAL OF BELLAIRE,SKIPPED,https://uhsfilecdn.eskycity.net/bh/272849780_bellaire_standardcharges.csv,,,No existing archive at C:\Users\bombt\Documents\Code\Hospital_Pricing\data\TX\454107.jsonl,
2026-09-03T03:12:40.169837+00:00,454108,CYPRESS CREEK HOSPITAL,SKIPPED,https://uhsfilecdn.eskycity.net/bh/621864266_cypress-creek_standardcharges.csv,,,No existing archive at C:\Users\bombt\Documents\Code\Hospital_Pricing\data\TX\454108.jsonl,
2026-09-03T03:12:40.169837+00:00,454109,EL PASO BEHAVIORAL HEALTH SYSTEM,SKIPPED,https://uhsfilecdn.eskycity.net/bh/208364461_el-paso_standardcharges.csv,,,No existing archive at C:\Users\bombt\Documents\Code\Hospital_Pricing\data\TX\454109.jsonl,
2026-09-03T03:12:40.169837+00:00,454110,OCEANS BEHAVIORAL HOSPITAL OF THE PERMIAN BASIN,SKIPPED,https://oceanshealthcare.com/wp-content/uploads/2025/12/461537193_Oceans-Behavioral-Hospital-of-Midland_standardcharges.csv,,,No existing archive at C:\Users\bombt\Documents\Code\Hospital_Pricing\data\TX\454110.jsonl,
2026-09-03T03:12:40.169837+00:00,454114,CEDAR CREST HOSPITAL,SKIPPED,https://www.cedarcresthospital.com/wp-content/uploads/pricing/2025/186/20-1915868_HMIH-Cedar-Crest-LLC_standard%20charges.csv,,,No existing archive at C:\Users\bombt\Documents\Code\Hospital_Pricing\data\TX\454114.jsonl,
2026-09-03T03:12:40.169837+00:00,454118,LONE STAR BEHAVIORAL HEALTH CYPRESS,SKIPPED,https://lonestarbehavioralhealth.com/wp-content/uploads/2025/12/452428528_lone-star-behavioral-health_standardcharges.csv,,,No existing archive at C:\Users\bombt\Documents\Code\Hospital_Pricing\data\TX\454118.jsonl,
2026-09-03T03:12:40.170837+00:00,454119,CARROLLTON SPRINGS,SUCCESS,C:\Users\bombt\Documents\Code\Hospital_Pricing\data\TX\454119.jsonl,,,,0.00
2026-09-03T03:12:40.170837+00:00,454121,AUSTIN OAKS HOSPITAL,SKIPPED,https://uhsfilecdn.eskycity.net/bh/841618661_austin-oaks_standardcharges.csv,,,No existing archive at C:\Users\bombt\Documents\Code\Hospital_Pricing\data\TX\454121.jsonl,
2026-09-03T03:12:40.170837+00:00,454122,OCEANS BEHAVIORAL HOSPITAL OF ABILENE,SKIPPED,https://oceanshealthcare.com/wp-content/uploads/2025/12/461844337_Oceans-Behavioral-Hospital-of-Abilene_standardcharges.csv,,,No existing archive at C:\Users\bombt\Documents\Code\Hospital_Pricing\data\TX\454122.jsonl,
2026-09-03T03:12:40.170837+00:00,454123,OCEANS BEHAVIORAL HOSPITAL OF LUFKIN,SKIPPED,https://oceanshealthcare.com/wp-content/uploads/2025/12/464156313_Oceans-Behavioral-Hospital-of-Lufkin_standardcharges.csv,,,No existing archive at C:\Users\bombt\Documents\Code\Hospital_Pricing\data\TX\454123.jsonl,
2026-09-03T03:12:40.170837+00:00,454124,MESA SPRINGS,SUCCESS,C:\Users\bombt\Documents\Code\Hospital_Pricing\data\TX\454124.jsonl,,,,0.00
2026-09-03T03:12:40.170837+00:00,454126,DALLAS BEHAVIORAL HEALTHCARE HOSPITAL,SKIPPED,https://www.dallasbehavioral.com/sites/default/files/dallas/455253543_Dallas%20Behavioral%20Healthcare%20Hospital_standardcharges_3.csv,,,No existing archive at C:\Users\bombt\Documents\Code\Hospital_Pricing\data\TX\454126.jsonl,
2026-09-03T03:12:40.170837+00:00,454127,ROCK SPRINGS,SUCCESS,C:\Users\bombt\Documents\Code\Hospital_Pricing\data\TX\454127.jsonl,,,,0.00
2026-09-03T03:12:40.170837+00:00,454128,WELLBRIDGE HOSPITAL OF FORT WORTH,SKIPPED,https://www.wellbridgefortworth.com/sites/wellbridgefortworth/assets/uploads/850520285_wellbridge-healthcare-fort-worth_standardcharges.csv,,,No existing archive at C:\Users\bombt\Documents\Code\Hospital_Pricing\data\TX\454128.jsonl,
2026-09-03T03:12:40.170837+00:00,454129,GEORGETOWN BEHAVIORAL HEALTH INSTITUTE,SKIPPED,https://www.georgetownbehavioral.com/sites/default/files/GBHI-StandardCharges.csv,,,No existing archive at C:\Users\bombt\Documents\Code\Hospital_Pricing\data\TX\454129.jsonl,
2026-09-03T03:12:40.170837+00:00,454131,WESTPARK SPRINGS,SUCCESS,C:\Users\bombt\Documents\Code\Hospital_Pricing\data\TX\454131.jsonl,,,,0.00
2026-09-03T03:12:40.170837+00:00,454133,CROSS CREEK HOSPITAL,SKIPPED,https://www.crosscreekhospital.com/wp-content/uploads/pricing/2025/187/90-1028656_Austin-Behavioaral-Hospital-LLC_standardcharges.csv,,,No existing archive at C:\Users\bombt\Documents\Code\Hospital_Pricing\data\TX\454133.jsonl,
2026-09-03T03:12:40.170837+00:00,454135,HOUSTON BEHAVIORAL HEALTHCARE HOSPITAL,SKIPPED,https://www.houstonbehavioralhealth.com/sites/default/files/348990801_Houston%20Behavioral%20Healthcare%20Hospital_Standardcharges.csv,,,No existing archive at C:\Users\bombt\Documents\Code\Hospital_Pricing\data\TX\454135.jsonl,
2026-09-03T03:12:40.170837+00:00,454136,OCEANS BEHAVIORAL HOSPITAL OF KATY,SKIPPED,https://oceanshealthcare.com/wp-content/uploads/2025/12/465107782_Oceans-Behavioral-Hospital-of-Katy_standardcharges.csv,,,No existing archive at C:\Users\bombt\Documents\Code\Hospital_Pricing\data\TX\454136.jsonl,
2026-09-03T03:12:40.170837+00:00,454139,SUN BEHAVIORAL HOUSTON,SKIPPED,https://sunhouston.com/wp-content/uploads/2024/12/HOU-Price-Transparency-validated-1125.-01012025.csv,,,No existing archive at C:\Users\bombt\Documents\Code\Hospital_Pricing\data\TX\454139.jsonl,
2026-09-03T03:12:40.170837+00:00,454141,PALMS BEHAVIORAL HEALTH,SUCCESS,C:\Users\bombt\Documents\Code\Hospital_Pricing\data\TX\454141.jsonl,,,,0.00
2026-09-03T03:12:40.170837+00:00,454144,WOODLAND SPRINGS,SUCCESS,C:\Users\bombt\Documents\Code\Hospital_Pricing\data\TX\454144.jsonl,,,,0.00
2026-09-03T03:12:40.170837+00:00,454146,RIO VISTA BEHAVIORAL HEALTH HOSPITAL,SKIPPED,https://www.riovistabehavioral.com/wp-content/uploads/pricing/2025/501/36-4881705_El-Paso-Behavioral-Hospital-LLC_standardcharges.csv,,,No existing archive at C:\Users\bombt\Documents\Code\Hospital_Pricing\data\TX\454146.jsonl,
2026-09-03T03:12:40.170837+00:00,454147,OCEANS BEHAVIORAL HOSPITAL PASADENA,SKIPPED,https://oceanshealthcare.com/wp-content/uploads/2025/12/832345940_Oceans-Behavioral-Hospital-of-Pasadena_standardcharges.csv,,,No existing archive at C:\Users\bombt\Documents\Code\Hospital_Pricing\data\TX\454147.jsonl,
2026-09-03T03:12:40.170837+00:00,454148,PERIMETER BEHAVIORAL HOSPITAL OF ARLINGTON,SKIPPED,https://www.perimeterhealthcare.com/arlington/834209160_Perimeter-Behavioral-Hospital-of-Arlington_standardcharges.csv,,,No existing archive at C:\Users\bombt\Documents\Code\Hospital_Pricing\data\TX\454148.jsonl,
2026-09-03T03:12:40.170837+00:00,454149,PERIMETER BEHAVIORAL HOSPITAL OF DALLAS,SKIPPED,https://www.perimeterhealthcare.com/dallas/834231737_Perimeter-Behavioral-Hospital-of-Garland_standardcharges.csv,,,No existing archive at C:\Users\bombt\Documents\Code\Hospital_Pricing\data\TX\454149.jsonl,
2026-09-03T03:12:40.170837+00:00,454150,OCEANS BEHAVIORAL HOSPITAL WACO,SKIPPED,https://oceanshealthcare.com/wp-content/uploads/2025/12/832499322_Oceans-Behavioral-Hospital-of-Waco_standardcharges.csv,,,No existing archive at C:\Users\bombt\Documents\Code\Hospital_Pricing\data\TX\454150.jsonl,
2026-09-03T03:12:40.170837+00:00,454151,MEDICAL BEHAVIORAL HOSPITAL OF CLEAR LAKE,SKIPPED,"https://www.neuropsychiatrichospitals.net/price-transparency/833501385_medical-behavioral-hospital-of-clear-lake,-llc_standardcharges.csv",,,No existing archive at C:\Users\bombt\Documents\Code\Hospital_Pricing\data\TX\454151.jsonl,
2026-09-03T03:12:40.170837+00:00,454152,CANYON CREEK BEHAVIORAL HEALTH,SKIPPED,https://uhsfilecdn.eskycity.net/bh/832014977_canyon-creek_standardcharges.csv,,,No existing archive at C:\Users\bombt\Documents\Code\Hospital_Pricing\data\TX\454152.jsonl,
2026-09-03T03:12:40.170837+00:00,454153,CARRUS BEHAVIORAL HEALTH HOSPITAL,SKIPPED,https://wp04-media.cdn.ihealthspot.com/wp-content/uploads/sites/255/2023/11/834188451_carrus-behavioral-hospital_standardcharges.csv,,,No existing archive at C:\Users\bombt\Documents\Code\Hospital_Pricing\data\TX\454153.jsonl,
2026-09-03T03:12:40.170837+00:00,454154,VIBRA REHABILITATION HOSPITAL OF AMARILLO,SKIPPED,https://vrhamarillo.com/wp-content/uploads/sites/19/2023/07/462640198_Vibra-Rehabilitation-Hospital-of-Amarillo_Standard-Charges.xlsx,,,No existing archive at C:\Users\bombt\Documents\Code\Hospital_Pricing\data\TX\454154.jsonl,
2026-09-03T03:12:40.170837+00:00,454155,OCEANS BEHAVIORAL HOSPITAL CORPUS CHRISTI,SKIPPED,https://oceanshealthcare.com/wp-content/uploads/2025/12/853222037_Oceans-Behavioral-Hospital-of-Corpus-Christi_standardcharges.csv,,,No existing archive at C:\Users\bombt\Documents\Code\Hospital_Pricing\data\TX\454155.jsonl,
2026-09-03T03:12:40.170837+00:00,455691,SHANNON MEDICAL CENTER ST JOHNS CAMPUS,SKIPPED,https://sthpiprd.blob.core.windows.net/machine-readable-files/11019/752559845_shannon-medical-center_standardcharges.csv,,,No existing archive at C:\Users\bombt\Documents\Code\Hospital_Pricing\data\TX\455691.jsonl,
2026-09-03T03:12:40.170837+00:00,457736,CHRISTUS ST. MICHAEL HOSPITAL ATLANTA,SUCCESS,C:\Users\bombt\Documents\Code\Hospital_Pricing\data\TX\457736.jsonl,2,,,0.05
2026-09-03T03:12:40.170837+00:00,459825,LAS PALMAS DEL SOL HEALTHCARE TRANSPLANT,SUCCESS,C:\Users\bombt\Documents\Code\Hospital_Pricing\data\TX\459825.jsonl,2,,,0.06
2026-09-03T03:12:40.170837+00:00,670005,MEMORIAL HERMANN SURGICAL HOSPITAL KINGWOOD,SUCCESS,C:\Users\bombt\Documents\Code\Hospital_Pricing\data\TX\670005.jsonl,2,,,0.06
2026-09-03T03:12:40.170837+00:00,670006,THE HOSPITAL AT WESTLAKE MEDICAL CENTER,SUCCESS,C:\Users\bombt\Documents\Code\Hospital_Pricing\data\TX\670006.jsonl,,,,0.01
2026-09-03T03:12:40.170837+00:00,670008,HOUSTON PHYSICIANS' HOSPITAL,SKIPPED,https://clariti-health.com/csp/clariti/QuotableService.csp?orgKey=4265LL,,,No existing archive at C:\Users\bombt\Documents\Code\Hospital_Pricing\data\TX\670008.jsonl,
2026-09-03T03:12:40.170837+00:00,670023,METHODIST MANSFIELD MEDICAL CENTER,SUCCESS,C:\Users\bombt\Documents\Code\Hospital_Pricing\data\TX\670023.jsonl,,,,0.00
2026-09-03T03:12:40.170837+00:00,670031,ST. LUKE'S PATIENTS MEDICAL CENTER,SUCCESS,C:\Users\bombt\Documents\Code\Hospital_Pricing\data\TX\670031.jsonl,,,,0.03
2026-09-03T03:12:40.170837+00:00,670034,BAYLOR SCOTT & WHITE HOSPITAL ROUND ROCK,SUCCESS,C:\Users\bombt\Documents\Code\Hospital_Pricing\data\TX\670034.jsonl,,,,0.03
2026-09-03T03:12:40.170837+00:00,670041,ASCENSION SETON MEDICAL CENTER WILLIAMSON,SKIPPED,https://ascensionliving.org/-/media/project/ascension/healthcare/price-transparency-files/tx-csv/741109643-1578780870_ascension-seton_standardcharges,,,No existing archive at C:\Users\bombt\Documents\Code\Hospital_Pricing\data\TX\670041.jsonl,
2026-09-03T03:12:40.170837+00:00,670043,ASCENSION SETON CEDAR PARK,SKIPPED,https://healthcare.ascension.org/-/media/project/ascension/healthcare/price-transparency-files/tx-csv/203904667_cedar-park-regional-medical-center_standardcharges.zip,,,No existing archive at C:\Users\bombt\Documents\Code\Hospital_Pricing\data\TX\670043.jsonl,
2026-09-03T03:12:40.170837+00:00,670044,TEXAS HEALTH ROCKWALL,SUCCESS,C:\Users\bombt\Documents\Code\Hospital_Pricing\data\TX\670044.jsonl,,,,0.01
2026-09-03T03:12:40.170837+00:00,670047,THE HOSPITALS OF PROVIDENCE EAST CAMPUS,SUCCESS,C:\Users\bombt\Documents\Code\Hospital_Pricing\data\TX\670047.jsonl,2,,,0.07
2026-09-03T03:12:40.170837+00:00,670049,NORTH CENTRAL SURGICAL CENTER,SUCCESS,C:\Users\bombt\Documents\Code\Hospital_Pricing\data\TX\670049.jsonl,2,,,0.06
2026-09-03T03:12:40.170837+00:00,670053,ST. LUKES SUGAR LAND HOSPITAL,SUCCESS,C:\Users\bombt\Documents\Code\Hospital_Pricing\data\TX\670053.jsonl,,,,0.03
2026-09-03T03:12:40.170837+00:00,670054,FOUNDATION SURGICAL HOSPITAL OF SAN ANTONIO,SUCCESS,C:\Users\bombt\Documents\Code\Hospital_Pricing\data\TX\670054.jsonl,2,,,0.06
2026-09-03T03:12:40.170837+00:00,670055,METHODIST STONE OAK HOSPITAL,SUCCESS,C:\Users\bombt\Documents\Code\Hospital_Pricing\data\TX\670055.jsonl,2,,,0.05
2026-09-03T03:12:40.170837+00:00,670056,ASCENSION SETON MEDICAL CENTER HAYS,SKIPPED,https://ascensionliving.org/-/media/project/ascension/healthcare/price-transparency-files/tx-csv/741109643-1619115383_ascension-seton_standardcharges,,,No existing archive at C:\Users\bombt\Documents\Code\Hospital_Pricing\data\TX\670056.jsonl,
2026-09-03T03:12:40.170837+00:00,670059,CHI ST. LUKE'S HEALTH - LAKESIDE HOSPITAL,SUCCESS,C:\Users\bombt\Documents\Code\Hospital_Pricing\data\TX\670059.jsonl,,,,0.03
2026-09-03T03:12:40.170837+00:00,670060,BAYLOR SCOTT & WHITE MEDICAL CENTER - SUNNYVALE,SUCCESS,C:\Users\bombt\Documents\Code\Hospital_Pricing\data\TX\670060.jsonl,,,,0.03
2026-09-03T03:12:40.170837+00:00,670061,CHRISTUS SURGICAL HOSPITAL,SUCCESS,C:\Users\bombt\Documents\Code\Hospital_Pricing\data\TX\670061.jsonl,2,,,0.06
2026-09-03T03:12:40.170837+00:00,670062,BAYLOR SCOTT & WHITE EMERGENCY HOSPITAL - AUBREY,SUCCESS,C:\Users\bombt\Documents\Code\Hospital_Pricing\data\TX\670062.jsonl,,,,0.00
2026-09-03T03:12:40.170837+00:00,670062,BAYLOR SCOTT & WHITE EMERGENCY HOSPITAL - KELLER,SUCCESS,C:\Users\bombt\Documents\Code\Hospital_Pricing\data\TX\670062.jsonl,,,,0.00
2026-09-03T03:12:40.170837+00:00,670067,BAYLOR SCOTT & WHITE ORTHOPEDIC AND SPINE HOSPITAL ARLINGTON,SUCCESS,C:\Users\bombt\Documents\Code\Hospital_Pricing\data\TX\670067.jsonl,2,,,0.06
2026-09-03T03:12:40.170837+00:00,670068,TEXAS HEALTH FLOWER MOUND,SUCCESS,C:\Users\bombt\Documents\Code\Hospital_Pricing\data\TX\670068.jsonl,,,,0.01
2026-09-03T03:12:40.170837+00:00,670069,METHODIST MCKINNEY HOSPITAL,SKIPPED,https://methodistmckinneyhospital.com/wp-content/uploads/2024/12/208847736_Methodist-Mckinney-Hospital_standardcharges.zip,,,No existing archive at C:\Users\bombt\Documents\Code\Hospital_Pricing\data\TX\670069.jsonl,
2026-09-03T03:12:40.170837+00:00,670071,TEXAS HEALTH HEART & VASCULAR HOSPITAL ARLINGTON,SUCCESS,C:\Users\bombt\Documents\Code\Hospital_Pricing\data\TX\670071.jsonl,,,,0.01
2026-09-03T03:12:40.170837+00:00,670073,METHODIST HOSPITAL FOR SURGERY,SKIPPED,http://www.methodisthospitalforsurgery.com/clientfiles/getfile/263195791_Methodist-Hospital-for-Surgery_standardcharges.csv,,,No existing archive at C:\Users\bombt\Documents\Code\Hospital_Pricing\data\TX\670073.jsonl,
2026-09-03T03:12:40.170837+00:00,670075,ST. LUKE'S HOSPITAL AT THE VINTAGE,SUCCESS,C:\Users\bombt\Documents\Code\Hospital_Pricing\data\TX\670075.jsonl,,,,0.03
2026-09-03T03:12:40.170837+00:00,670076,BAYLOR SCOTT & WHITE SURGICAL HOSPITAL AT SHERMAN,SUCCESS,C:\Users\bombt\Documents\Code\Hospital_Pricing\data\TX\670076.jsonl,2,,,0.03
2026-09-03T03:12:40.170837+00:00,670077,HOUSTON METHODIST WEST HOSPITAL,SKIPPED,https://www.houstonmethodist.org/-/media/files/patient-resources/760545192_methodist-west-houston-hospital_standardcharges.ashx,,,No existing archive at C:\Users\bombt\Documents\Code\Hospital_Pricing\data\TX\670077.jsonl,
2026-09-03T03:12:40.170837+00:00,670078,BAPTIST NEIGHBORHOOD HOSPITAL THOUSAND OAKS,SUCCESS,C:\Users\bombt\Documents\Code\Hospital_Pricing\data\TX\670078.jsonl,,,,0.00
2026-09-03T03:12:40.170837+00:00,670079,BAYLOR SCOTT & WHITE MEDICAL CENTER LAKEWAY,SUCCESS,C:\Users\bombt\Documents\Code\Hospital_Pricing\data\TX\670079.jsonl,,,,0.03
2026-09-03T03:12:40.170837+00:00,670080,SETON MEDICAL CENTER HARKER HEIGHTS,SUCCESS,C:\Users\bombt\Documents\Code\Hospital_Pricing\data\TX\670080.jsonl,,,,0.01
2026-09-03T03:12:40.170837+00:00,670082,BAYLOR SCOTT & WHITE MEDICAL CENTER MCKINNEY,SUCCESS,C:\Users\bombt\Documents\Code\Hospital_Pricing\data\TX\670082.jsonl,,,,0.02
2026-09-03T03:12:40.170837+00:00,670085,TEXAS HEALTH ALLIANCE,SUCCESS,C:\Users\bombt\Documents\Code\Hospital_Pricing\data\TX\670085.jsonl,,,,0.01
2026-09-03T03:12:40.170837+00:00,670088,BAYLOR SCOTT & WHITE MEDICAL CENTER COLLEGE STATION,SUCCESS,C:\Users\bombt\Documents\Code\Hospital_Pricing\data\TX\670088.jsonl,,,,0.03
2026-09-03T03:12:40.170837+00:00,670090,CRESCENT REGIONAL HOSPITAL,SUCCESS,C:\Users\bombt\Documents\Code\Hospital_Pricing\data\TX\670090.jsonl,,,,0.01
2026-09-03T03:12:40.170837+00:00,670093,ASPIRE HOSPITAL,SUCCESS,C:\Users\bombt\Documents\Code\Hospital_Pricing\data\TX\670093.jsonl,,,,0.01
2026-09-03T03:12:40.170837+00:00,670098,RESOLUTE HEALTH HOSPITAL,SUCCESS,C:\Users\bombt\Documents\Code\Hospital_Pricing\data\TX\670098.jsonl,2,,,0.05
2026-09-03T03:12:40.170837+00:00,670102,ADVANCED EAST HOUSTON HOSPITAL & CLINICS,SUCCESS,C:\Users\bombt\Documents\Code\Hospital_Pricing\data\TX\670102.jsonl,,,,0.00
2026-09-03T03:12:40.170837+00:00,670103,MEDICAL CITY ALLIANCE,SUCCESS,C:\Users\bombt\Documents\Code\Hospital_Pricing\data\TX\670103.jsonl,2,,,0.05
2026-09-03T03:12:40.170837+00:00,670106,HCA HOUSTON HEALTHCARE PEARLAND MEDICAL CENTER,SUCCESS,C:\Users\bombt\Documents\Code\Hospital_Pricing\data\TX\670106.jsonl,2,,,0.05
2026-09-03T03:12:40.171837+00:00,670107,BAYLOR SCOTT & WHITE EMERGENCY HOSPITAL - BURLESON,SUCCESS,C:\Users\bombt\Documents\Code\Hospital_Pricing\data\TX\670107.jsonl,,,,0.00
2026-09-03T03:12:40.171837+00:00,670108,BAYLOR SCOTT & WHITE MEDICAL CENTER MARBLE FALLS,SUCCESS,C:\Users\bombt\Documents\Code\Hospital_Pricing\data\TX\670108.jsonl,,,,0.03
2026-09-03T03:12:40.171837+00:00,670109,BMC BAYTOWN HOSPITAL,SUCCESS,C:\Users\bombt\Documents\Code\Hospital_Pricing\data\TX\670109.jsonl,,,,0.01
2026-09-03T03:12:40.171837+00:00,670116,MEDICAL CITY SURGICAL HOSPITAL ALLIANCE,SUCCESS,C:\Users\bombt\Documents\Code\Hospital_Pricing\data\TX\670116.jsonl,2,,,0.05
2026-09-03T03:12:40.171837+00:00,670120,THE HOSPITALS OF PROVIDENCE TRANSMOUNTAIN CAMPUS,SUCCESS,C:\Users\bombt\Documents\Code\Hospital_Pricing\data\TX\670120.jsonl,2,,,0.07
2026-09-03T03:12:40.171837+00:00,670122,HOUSTON METHODIST THE WOODLANDS HOSPITAL,SKIPPED,https://www.houstonmethodist.org/-/media/files/patient-resources/760545192_houston-methodist-the-woodlands-hospital_standardcharges.ashx,,,No existing archive at C:\Users\bombt\Documents\Code\Hospital_Pricing\data\TX\670122.jsonl,
2026-09-03T03:12:40.171837+00:00,670124,THE HOSPITALS OF PROVIDENCE HORIZON CITY CAMPUS,SUCCESS,C:\Users\bombt\Documents\Code\Hospital_Pricing\data\TX\670124.jsonl,,,,0.00
2026-09-03T03:12:40.171837+00:00,670124,THE HOSPITALS OF PROVIDENCE NORTHEAST CAMPUS,SUCCESS,C:\Users\bombt\Documents\Code\Hospital_Pricing\data\TX\670124.jsonl,,,,0.01
2026-09-03T03:12:40.171837+00:00,670128,BAYLOR SCOTT & WHITE MEDICAL CENTER PFLUGERVILLE,SUCCESS,C:\Users\bombt\Documents\Code\Hospital_Pricing\data\TX\670128.jsonl,,,,0.03
2026-09-03T03:12:40.171837+00:00,670131,BAYLOR SCOTT & WHITE MEDICAL CENTER BUDA,SUCCESS,C:\Users\bombt\Documents\Code\Hospital_Pricing\data\TX\670131.jsonl,,,,0.03
2026-09-03T03:12:40.171837+00:00,670132,METHODIST SOUTHLAKE HOSPITAL,SUCCESS,C:\Users\bombt\Documents\Code\Hospital_Pricing\data\TX\670132.jsonl,,,,0.00
2026-09-03T03:12:40.171837+00:00,670134,ALTUS LUMBERTON HOSPITAL,SKIPPED,https://www.altusemergency.com/wp-content/uploads/forms/AltusEmergencyCenters_standardcharges.csv,,,No existing archive at C:\Users\bombt\Documents\Code\Hospital_Pricing\data\TX\670134.jsonl,
2026-09-03T03:12:40.171837+00:00,670136,BAYLOR SCOTT & WHITE MEDICAL CENTER AUSTIN,SUCCESS,C:\Users\bombt\Documents\Code\Hospital_Pricing\data\TX\670136.jsonl,,,,0.03
2026-09-03T03:12:40.171837+00:00,670260,TEXAS HEALTH FRISCO,SUCCESS,C:\Users\bombt\Documents\Code\Hospital_Pricing\data\TX\670260.jsonl,,,,0.01
2026-09-03T03:12:40.171837+00:00,670265,LEGENT ORTHOPEDIC HOSPITAL,SUCCESS,C:\Users\bombt\Documents\Code\Hospital_Pricing\data\TX\670265.jsonl,,,,0.01
2026-09-03T03:12:40.171837+00:00,670266,TOWNSEN MEMORIAL HOSPITAL,SKIPPED,https://drive.google.com/file/d/1rLqvnCYCAUdHHwPPLgUvIWLqaYdaFjdv/view,,,No existing archive at C:\Users\bombt\Documents\Code\Hospital_Pricing\data\TX\670266.jsonl,
2026-09-03T03:12:40.171837+00:00,670267,WOODLANDS SPECIALTY HOSPITAL,SKIPPED,https://woodlandsspecialtyhospital.com/wp-content/uploads/2025/01/462263738_WoodlandsSpecialtyHospitalLLC-standardcharges-.csv,,,No existing archive at C:\Users\bombt\Documents\Code\Hospital_Pricing\data\TX\670267.jsonl,
2026-09-03T03:12:40.171837+00:00,670285,ELITE HOSPITAL KINGWOOD,SUCCESS,C:\Users\bombt\Documents\Code\Hospital_Pricing\data\TX\670285.jsonl,,,,0.01
2026-09-03T03:12:40.171837+00:00,670300,METHODIST MIDLOTHIAN MEDICAL CENTER,SUCCESS,C:\Users\bombt\Documents\Code\Hospital_Pricing\data\TX\670300.jsonl,,,,0.00
2026-09-03T03:12:40.171837+00:00,670309,TEXAS HEALTH HOSPITAL MANSFIELD,SUCCESS,C:\Users\bombt\Documents\Code\Hospital_Pricing\data\TX\670309.jsonl,2,,,0.02
2026-09-03T03:12:40.171837+00:00,670321,ADVANCED DALLAS HOSPITAL & CLINICS,SUCCESS,C:\Users\bombt\Documents\Code\Hospital_Pricing\data\TX\670321.jsonl,,,,0.00
2026-09-03T03:12:40.171837+00:00,670322,LEGENT HOSPITAL FOR SPECIAL SURGERY,SUCCESS,C:\Users\bombt\Documents\Code\Hospital_Pricing\data\TX\670322.jsonl,,,,0.01
2026-09-03T03:12:40.171837+00:00,670345,LEGENT NORTH HOUSTON SURGICAL HOSPITAL,SUCCESS,C:\Users\bombt\Documents\Code\Hospital_Pricing\data\TX\670345.jsonl,,,,0.01
2026-09-03T03:12:40.171837+00:00,670780,FALLS COMMUNITY HOSPITAL AND CLINIC,SKIPPED,https://fallshospital.slicedhealth.io/home,,,No existing archive at C:\Users\bombt\Documents\Code\Hospital_Pricing\data\TX\670780.jsonl,
2026-09-03T03:12:40.171837+00:00,670781,ANSON GENERAL HOSPITAL,SUCCESS,C:\Users\bombt\Documents\Code\Hospital_Pricing\data\TX\670781.jsonl,,,,0.00
2026-09-03T03:12:40.171837+00:00,671300,GRAHAM REGIONAL MEDICAL CENTER,SUCCESS,C:\Users\bombt\Documents\Code\Hospital_Pricing\data\TX\671300.jsonl,,,,0.03
2026-09-03T03:12:40.171837+00:00,671301,HEMPHILL COUNTY HOSPITAL,SUCCESS,C:\Users\bombt\Documents\Code\Hospital_Pricing\data\TX\671301.jsonl,,,,0.00
2026-09-03T03:12:40.171837+00:00,673025,PAM REHABILITATION HOSPITAL OF ALLEN,SUCCESS,C:\Users\bombt\Documents\Code\Hospital_Pricing\data\TX\673025.jsonl,,,,0.00
2026-09-03T03:12:40.171837+00:00,673027,CENTRAL TEXAS REHABILITATION HOSPITAL,SUCCESS,C:\Users\bombt\Documents\Code\Hospital_Pricing\data\TX\673027.jsonl,,,,0.00
2026-09-03T03:12:40.171837+00:00,673029,ENCOMPASS HEALTH REHABILITATION HOSPITAL RICHARDSON,SKIPPED,https://edge.sitecorecloud.io/encompasshee178-encompasshed9db-prodb258-07da/media/Project/EncompassHealth/encompasshealth/Files/1-price-transparency/208038733_Encompass-Health-Rehabilitation-Hospital-of-Round-Rock_standardcharges.csv,,,No existing archive at C:\Users\bombt\Documents\Code\Hospital_Pricing\data\TX\673029.jsonl,
2026-09-03T03:12:40.171837+00:00,673030,KATE DISHMAN REHABILITATION HOSPITAL,SKIPPED,https://katedishmanrehab.com/wp-content/uploads/2021/09/205657181_Kate-Dishman_Rehabilitation-Hospital.csv,,,No existing archive at C:\Users\bombt\Documents\Code\Hospital_Pricing\data\TX\673030.jsonl,
2026-09-03T03:12:40.171837+00:00,673031,METHODIST REHABILITATION HOSPITAL,SUCCESS,C:\Users\bombt\Documents\Code\Hospital_Pricing\data\TX\673031.jsonl,,,,0.00
2026-09-03T03:12:40.171837+00:00,673032,ENCOMPASS HEALTH HOSPITAL OF ROUND ROCK,SKIPPED,https://edge.sitecorecloud.io/encompasshee178-encompasshed9db-prodb258-07da/media/Project/EncompassHealth/encompasshealth/Files/1-price-transparency/208038733_Encompass-Health-Rehabilitation-Hospital-of-Round-Rock_standardcharges.csv,,,No existing archive at C:\Users\bombt\Documents\Code\Hospital_Pricing\data\TX\673032.jsonl,
2026-09-03T03:12:40.171837+00:00,673035,BAYLOR SCOTT & WHITE INSTITUTE FOR REHABILITATION FORT WORTH,SUCCESS,C:\Users\bombt\Documents\Code\Hospital_Pricing\data\TX\673035.jsonl,,,,0.00
2026-09-03T03:12:40.171837+00:00,673036,SELECT REHABILITATION HOSPITAL OF DENTON,SUCCESS,C:\Users\bombt\Documents\Code\Hospital_Pricing\data\TX\673036.jsonl,,,,0.00
2026-09-03T03:12:40.171837+00:00,673038,MEMORIAL HERMANN REHABILITATION HOSPITAL KATY,SUCCESS,C:\Users\bombt\Documents\Code\Hospital_Pricing\data\TX\673038.jsonl,,,,0.01
2026-09-03T03:12:40.171837+00:00,673039,ENCOMPASS HEALTH REHABILITATION HOSPITAL OF ABILENE,SKIPPED,https://edge.sitecorecloud.io/encompasshee178-encompasshed9db-prodb258-07da/media/Project/EncompassHealth/encompasshealth/Files/1-price-transparency/262652076_Encompass-Health-Rehabilitation-Hospital-of-Abilene_standardcharges.csv,,,No existing archive at C:\Users\bombt\Documents\Code\Hospital_Pricing\data\TX\673039.jsonl,
2026-09-03T03:12:40.171837+00:00,673041,CARRUS REHABILITATION HOSPITAL,SKIPPED,https://wp04-media.cdn.ihealthspot.com/wp-content/uploads/sites/255/2023/11/800513381_carrus-rehabilitation-hospital_standardcharges.csv,,,No existing archive at C:\Users\bombt\Documents\Code\Hospital_Pricing\data\TX\673041.jsonl,
2026-09-03T03:12:40.171837+00:00,673042,ENCOMPASS HEALTH REHABILITATION HOSPITAL OF SUGAR LAND,SKIPPED,https://edge.sitecorecloud.io/encompasshee178-encompasshed9db-prodb258-07da/media/Project/EncompassHealth/encompasshealth/Files/1-price-transparency/272810882_Encompass-Health-Rehabilitation-Hospital-of-Sugar-Land_standardcharges.csv,,,No existing archive at C:\Users\bombt\Documents\Code\Hospital_Pricing\data\TX\673042.jsonl,
2026-09-03T03:12:40.171837+00:00,673043,ENCOMPASS HEALTH REHABILITATION HOSPITAL OF DALLAS,SKIPPED,https://edge.sitecorecloud.io/encompasshee178-encompasshed9db-prodb258-07da/media/Project/EncompassHealth/encompasshealth/Files/1-price-transparency/262934144_Encompass-Health-Rehabilitation-Hospital-of-Dallas_standardcharges.csv,,,No existing archive at C:\Users\bombt\Documents\Code\Hospital_Pricing\data\TX\673043.jsonl,
2026-09-03T03:12:40.171837+00:00,673044,ENCOMPASS HEALTH REHABILITATION HOSPITAL OF THE MID-CITIES,SKIPPED,https://edge.sitecorecloud.io/encompasshee178-encompasshed9db-prodb258-07da/media/Project/EncompassHealth/encompasshealth/Files/1-price-transparency/261408611_Encompass-Health-Rehabilitation-Hospital-of-the-MidCities_standardcharges.csv,,,No existing archive at C:\Users\bombt\Documents\Code\Hospital_Pricing\data\TX\673044.jsonl,
2026-09-03T03:12:40.171837+00:00,673045,MESQUITE REHABILITATION HOSPITAL,SUCCESS,C:\Users\bombt\Documents\Code\Hospital_Pricing\data\TX\673045.jsonl,,,,0.00
2026-09-03T03:12:40.171837+00:00,673046,BAYLOR SCOTT & WHITE INSTITUTE FOR REHABILITATION FRISCO,SUCCESS,C:\Users\bombt\Documents\Code\Hospital_Pricing\data\TX\673046.jsonl,,,,0.00
2026-09-03T03:12:40.171837+00:00,673048,TEXAS REHABILITATION HOSPITAL OF FORT WORTH,SUCCESS,C:\Users\bombt\Documents\Code\Hospital_Pricing\data\TX\673048.jsonl,,,,0.00
2026-09-03T03:12:40.171837+00:00,673049,NEW BRAUNFELS REGIONAL REHABILITATION HOSPITAL,SUCCESS,C:\Users\bombt\Documents\Code\Hospital_Pricing\data\TX\673049.jsonl,,,,0.00
2026-09-03T03:12:40.171837+00:00,673050,ENCOMPASS HEALTH REHABILITATION HOSPITAL OF CYPRESS,SKIPPED,https://edge.sitecorecloud.io/encompasshee178-encompasshed9db-prodb258-07da/media/Project/EncompassHealth/encompasshealth/Files/1-price-transparency/273444511_Encompass-Health-Rehabilitation-Hospital-of-Cypress_standardcharges.csv,,,No existing archive at C:\Users\bombt\Documents\Code\Hospital_Pricing\data\TX\673050.jsonl,
2026-09-03T03:12:40.171837+00:00,673052,ENCOMPASS HEALTH REHABILITATION HOSPITAL THE VINTAGE,SKIPPED,https://edge.sitecorecloud.io/encompasshee178-encompasshed9db-prodb258-07da/media/Project/EncompassHealth/encompasshealth/Files/1-price-transparency/270941690_Encompass-Health-Rehabilitation-Hospital-The-Vintage_standardcharges.csv,,,No existing archive at C:\Users\bombt\Documents\Code\Hospital_Pricing\data\TX\673052.jsonl,
2026-09-03T03:12:40.171837+00:00,673053,CORPUS CHRISTI REHABILITATION HOSPITAL,SUCCESS,C:\Users\bombt\Documents\Code\Hospital_Pricing\data\TX\673053.jsonl,,,,0.00
2026-09-03T03:12:40.171837+00:00,673054,ENCOMPASS HEALTH REHABILITATION HOSPITAL OF AUSTIN,SKIPPED,https://edge.sitecorecloud.io/encompasshee178-encompasshed9db-prodb258-07da/media/Project/EncompassHealth/encompasshealth/Files/1-price-transparency/261408389_Encompass-Health-Rehabilitation-Hospital-of-Austin_standardcharges.csv,,,No existing archive at C:\Users\bombt\Documents\Code\Hospital_Pricing\data\TX\673054.jsonl,
2026-09-03T03:12:40.171837+00:00,673055,ACUTE REHABILITATION HOSPITAL OF PLANO,SKIPPED,https://acuterehabplano.com/454145507-acute-rehabilitation-hopsital-of-plano_standardcharges/,,,No existing archive at C:\Users\bombt\Documents\Code\Hospital_Pricing\data\TX\673055.jsonl,
2026-09-03T03:12:40.171837+00:00,673056,PAM REHABILITATION HOSPITAL OF VICTORIA,SUCCESS,C:\Users\bombt\Documents\Code\Hospital_Pricing\data\TX\673056.jsonl,,,,0.00
2026-09-03T03:12:40.171837+00:00,673058,BAYLOR SCOTT AND WHITE INSTITUTE FOR REHABILITATION - LAKEWAY,SUCCESS,C:\Users\bombt\Documents\Code\Hospital_Pricing\data\TX\673058.jsonl,,,,0.00
2026-09-03T03:12:40.171837+00:00,673059,LAREDO REHABILITATION HOSPITAL,SUCCESS,C:\Users\bombt\Documents\Code\Hospital_Pricing\data\TX\673059.jsonl,,,,0.00
2026-09-03T03:12:40.171837+00:00,673060,TEXAS REHABILITATION HOSPITAL OF ARLINGTON,SUCCESS,C:\Users\bombt\Documents\Code\Hospital_Pricing\data\TX\673060.jsonl,,,,0.00
2026-09-03T03:12:40.171837+00:00,673062,CLEARSKY REHABILITATION HOSPITAL OF WEATHERFORD,SUCCESS,C:\Users\bombt\Documents\Code\Hospital_Pricing\data\TX\673062.jsonl,,,,0.00
2026-09-03T03:12:40.171837+00:00,673066,ENCOMPASS HEALTH REHABILITATION HOSPITAL OF PEARLAND,SKIPPED,https://edge.sitecorecloud.io/encompasshee178-encompasshed9db-prodb258-07da/media/Project/EncompassHealth/encompasshealth/Files/1-price-transparency/811940348_Encompass-Health-Rehabilitation-Hospital-of-Pearland_standardcharges.csv,,,No existing archive at C:\Users\bombt\Documents\Code\Hospital_Pricing\data\TX\673066.jsonl,
2026-09-03T03:12:40.171837+00:00,673067,PAM SPECIALTY HOSPITAL OF CORPUS CHRISTI BAYFRONT,SUCCESS,C:\Users\bombt\Documents\Code\Hospital_Pricing\data\TX\673067.jsonl,,,,0.00
2026-09-03T03:12:40.171837+00:00,673070,SOUTH PLAINS REHABILITATION HOSPITAL,SKIPPED,https://edge.sitecorecloud.io/encompasshee178-encompasshed9db-prodb258-07da/media/Project/EncompassHealth/encompasshealth/Files/1-price-transparency/823034309_South-Plains-Rehabilitation-Hospital-an-affiliate-of-UMC-and-Encompass-Health_standardcharges.csv,,,No existing archive at C:\Users\bombt\Documents\Code\Hospital_Pricing\data\TX\673070.jsonl,
2026-09-03T03:12:40.171837+00:00,673071,ENCOMPASS HEALTH REHABILITATION HOSPITAL OF KATY,SKIPPED,https://edge.sitecorecloud.io/encompasshee178-encompasshed9db-prodb258-07da/media/Project/EncompassHealth/encompasshealth/Files/1-price-transparency/824549154_Encompass-Health-Rehabilitation-Hospital-of-Katy_standardcharges.csv,,,No existing archive at C:\Users\bombt\Documents\Code\Hospital_Pricing\data\TX\673071.jsonl,
2026-09-03T03:12:40.171837+00:00,673073,EVEREST REHABILITATION HOSPITAL LONGVIEW,SKIPPED,https://everestrehab.com/wp-content/uploads/2022/09/88-0797473_Everest-Rehabilitation-Hospital-Orlando_standardcharges.csv,,,No existing archive at C:\Users\bombt\Documents\Code\Hospital_Pricing\data\TX\673073.jsonl,
2026-09-03T03:12:40.171837+00:00,673076,CLEARSKY REHABILITATION HOSPITAL OF FLOWER MOUND,SUCCESS,C:\Users\bombt\Documents\Code\Hospital_Pricing\data\TX\673076.jsonl,,,,0.00
2026-09-03T03:12:40.171837+00:00,673078,"SHANNON REHABILITATION HOSPITAL, AFFILIATE OF ENCOMPASS HEALTH",SKIPPED,https://edge.sitecorecloud.io/encompasshee178-encompasshed9db-prodb258-07da/media/Project/EncompassHealth/encompasshealth/Files/1-price-transparency/843211164_Shannon-Rehabilitation-Hospital-an-affiliate-of-Encompass-Health_standardcharges.csv,,,No existing archive at C:\Users\bombt\Documents\Code\Hospital_Pricing\data\TX\673078.jsonl,
2026-09-03T03:12:40.171837+00:00,673079,ENCOMPASS HEALTH REHABILITATION HOSPITAL OF WACO,SKIPPED,https://edge.sitecorecloud.io/encompasshee178-encompasshed9db-prodb258-07da/media/Project/EncompassHealth/encompasshealth/Files/1-price-transparency/844256550_Encompass-Health-Rehabilitation-Hospital-of-Waco_standardcharges.csv,,,No existing archive at C:\Users\bombt\Documents\Code\Hospital_Pricing\data\TX\673079.jsonl,
2026-09-03T03:12:40.171837+00:00,673096,ENCOMPASS HEALTH REHABILITATION HOSPITAL OF PROSPER,SKIPPED,https://edge.sitecorecloud.io/encompasshee178-encompasshed9db-prodb258-07da/media/Project/EncompassHealth/encompasshealth/Files/1-price-transparency/862964873_Encompass-Health-Rehabilitation-Hospital-of-Prosper_standardcharges.csv,,,No existing archive at C:\Users\bombt\Documents\Code\Hospital_Pricing\data\TX\673096.jsonl,
2026-09-03T03:12:40.171837+00:00,673460,RANKIN COUNTY HOSPITAL DISTRICT,SUCCESS,C:\Users\bombt\Documents\Code\Hospital_Pricing\data\TX\673460.jsonl,,,,0.00
2026-09-03T03:12:40.171837+00:00,743031,HORIZON REHABILITATION HOSPITAL OF MCKINNEY,SKIPPED,https://horizonmedcenter.com/wp-content/uploads/2025/07/991436833_horizon-medical-center-of-mckinney_standardcharges.csv,,,No existing archive at C:\Users\bombt\Documents\Code\Hospital_Pricing\data\TX\743031.jsonl,
